brand,model,year_of_manufacture,listing_count
SUZUKI,ALTO,2015,161
SUZUKI,WAGON R STINGRAY,2018,130
TOYOTA,VITZ,2007,75
PERODUA,VIVA ELITE,2011,72
TOYOTA,VITZ,2008,56
TOYOTA,VITZ,2016,56
TOYOTA,AQUA,2013,53
SUZUKI,WAGON R STINGRAY,2017,49
SUZUKI,MARUTI,2006,47
HONDA,FIT GP5,2014,47
SUZUKI,WAGON R,2018,47
SUZUKI,WAGON R,2017,46
SUZUKI,WAGON R STINGRAY,2015,46
TOYOTA,AQUA,2012,45
SUZUKI,ALTO,2011,42
SUZUKI,WAGON R STINGRAY,2014,40
PERODUA,VIVA ELITE,2012,39
SUZUKI,SWIFT,2003,38
SUZUKI,MARUTI,2011,37
HONDA,FIT GP1,2012,37
TOYOTA,VITZ,2018,36
RENAULT,KWID,2016,35
SUZUKI,SWIFT,2004,35
TOYOTA,AXIO,2015,35
TOYOTA,AQUA,2014,34
MICRO,PANDA,2015,33
SUZUKI,ALTO 800,2015,33
SUZUKI,WAGON R FZ,2018,32
TOYOTA,AXIO,2007,32
SUZUKI,WAGON R FZ,2014,31
SUZUKI,WAGON R,2014,29
PERODUA,VIVA ELITE,2010,28
TOYOTA,VITZ,2015,28
SUZUKI,ALTO JAPAN,2017,27
SUZUKI,WAGON R FX,2017,27
SUZUKI,CELERIO,2015,26
SUZUKI,ALTO,2016,26
SUZUKI,A-STAR,2011,26
NISSAN,FB15,2000,26
SUZUKI,WAGON R,2016,26
TOYOTA,COROLLA 141,2008,26
SUZUKI,WAGON R FZ,2017,25
TOYOTA,VITZ,2010,25
TOYOTA,VITZ,2017,25
TOYOTA,AQUA,2015,25
SUZUKI,ESTILO,2010,25
SUZUKI,MARUTI,2007,25
NISSAN,FB15,2003,25
SUZUKI,ALTO,2012,24
SUZUKI,ALTO LXI,2015,24
SUZUKI,ALTO,2014,24
TOYOTA,PREMIO G SUPERIOR,2013,24
TOYOTA,PASSO,2007,23
SUZUKI,MARUTI,2005,23
SUZUKI,MARUTI,2010,23
TOYOTA,BELTA,2007,22
SUZUKI,ALTO JAPAN,2003,22
TOYOTA,PREMIO,2017,21
TOYOTA,VITZ KSP90,2008,21
TOYOTA,VITZ KSP90,2007,21
NISSAN,FB15,2001,21
NISSAN,FB14,1997,21
NISSAN,FB14,1996,21
TOYOTA,AXIO WXB,2017,21
SUZUKI,ALTO,2006,21
SUZUKI,ALTO,2010,21
NISSAN,FB15,2002,20
SUZUKI,SPACIA,2017,20
KIA,PICANTO,2016,20
TOYOTA,YARIS,2007,20
SUZUKI,MARUTI,2004,20
HONDA,FIT GP1,2011,19
SUZUKI,WAGON R,2015,19
MICRO,PANDA,2017,19
SUZUKI,SWIFT,2008,19
SUZUKI,ALTO,2007,19
SUZUKI,WAGON R STINGRAY J STYLE,2015,19
TOYOTA,YARIS,2008,19
TOYOTA,AQUA G GRADE,2013,18
NISSAN,MARCH K11,2000,18
HONDA,FIT GP5,2013,18
HONDA,FIT GP1,2013,18
TOYOTA,AXIO,2008,18
SUZUKI,ALTO K10,2015,18
TOYOTA,PRIUS,2012,18
NISSAN,FB15,1999,18
SUZUKI,ALTO K10,2011,18
SUZUKI,ALTO JAPAN,2016,17
TOYOTA,VITZ EDITION 2,2018,17
TOYOTA,PRIUS,2011,17
TOYOTA,PRIUS,2013,17
TOYOTA,BELTA,2008,17
TOYOTA,VIOS,2003,17
TOYOTA,VITZ,2019,16
TOYOTA,VITZ,2009,16
SUZUKI,SPACIA,2016,16
SUZUKI,ALTO JAPAN,2004,16
HONDA,FIT GP5,2015,16
TOYOTA,AQUA X URBAN,2015,16
TOYOTA,PREMIO,2018,15
MICRO,PANDA,2016,15
MICRO,PANDA,2013,15
HYUNDAI,ACCENT,2001,15
TOYOTA,AXIO G GRADE,2015,15
TOYOTA,AXIO,2014,15
TOYOTA,110,1997,15
PERODUA,VIVA ELITE,2013,15
TOYOTA,PREMIO G SUPERIOR,2017,14
SUZUKI,WAGON R STINGRAY J STYLE,2014,14
TOYOTA,ALLION,2007,14
SUZUKI,WAGON R FX,2018,14
SUZUKI,A-STAR,2012,14
TOYOTA,COROLLA 110,1996,14
SUZUKI,CELERIO,2016,14
SUZUKI,WAGON R FZ SAFETY,2017,14
MITSUBISHI,LANCER BOX,1981,13
HYUNDAI,ACCENT,2000,13
TOYOTA,ALLION 260,2008,13
TOYOTA,ALLION 260,2007,13
SUZUKI,SPACIA,2015,13
HYUNDAI,ACCENT,2002,13
HONDA,GRACE,2015,13
SUZUKI,ESTILO,2011,13
HONDA,INSIGHT,2009,13
TOYOTA,PRIUS,2008,13
TOYOTA,PREMIO G SUPERIOR,2014,13
TOYOTA,PREMIO,2013,13
TOYOTA,ALLION 240,2003,13
NISSAN,N16,2000,13
HONDA,INSIGHT,2011,12
SUZUKI,WAGON R FX SAFETY,2017,12
TOYOTA,VIOS,2004,12
SUZUKI,MARUTI,2008,12
MITSUBISHI,LANCER BOX,1980,12
HONDA,GRACE EX,2016,12
TOYOTA,ALLION 260,2010,12
TOYOTA,PREMIO,2011,12
TOYOTA,AQUA G GRADE,2012,12
MITSUBISHI,LANCER BOX,1983,12
SUZUKI,ALTO JAPAN,2018,12
MICRO,PANDA,2011,11
TOYOTA,AQUA G GRADE,2014,11
TOYOTA,AXIO WXB,2018,11
SUZUKI,SWIFT,2009,11
CHERY,QQ,2007,11
CHERY,QQ,2006,11
HONDA,GRACE,2016,11
PERODUA,KELISA,2006,11
TOYOTA,PRIUS,2010,11
HONDA,FIT SHUTTLE,2013,11
SUZUKI,WAGON R STINGRAY,2016,11
TATA,NANO,2011,11
SUZUKI,MARUTI 800,2006,11
SUZUKI,MARUTI 800,2007,11
SUZUKI,SPACIA CUSTOM Z,2017,10
TATA,NANO,2012,10
TOYOTA,BELTA,2009,10
DAIHATSU,MIRA,2015,10
NISSAN,MARCH K11,2001,10
KIA,RIO,2001,10
TOYOTA,PREMIO G SUPERIOR,2016,10
NISSAN,TRAD SUNNY,1988,10
ZOTYE,Z100,2017,10
TOYOTA,PASSO,2008,10
PERODUA,VIVA ELITE PREMIUM,2011,10
TOYOTA,IST,2003,10
TOYOTA,STARLET,1996,10
TOYOTA,PREMIO G SUPERIOR,2010,10
HYUNDAI,EON,2016,10
TOYOTA,VIOS,2007,10
SUZUKI,CELERIO,2014,10
TOYOTA,CARINA,1997,10
TOYOTA,ALLION,2010,10
TOYOTA,ALLION,2008,10
SUZUKI,CELERIO VXI,2015,10
NISSAN,B11,1983,10
SUZUKI,ALTO 800 LXI,2015,10
SUZUKI,SWIFT,2002,9
HONDA,FIT GP5 L GRADE,2013,9
HONDA,FIT GP5 L GRADE,2014,9
TATA,NANO,2016,9
TOYOTA,PREMIO G SUPERIOR,2007,9
TOYOTA,PRIUS,2014,9
PERODUA,AXIA,2016,9
MICRO,PANDA CROSS,2014,9
NISSAN,LEAF,2014,9
TOYOTA,AXIO G GRADE,2007,9
TOYOTA,PREMIO,2007,9
NISSAN,FB13,1991,9
SUZUKI,MARUTI,2012,9
TOYOTA,PREMIO G SUPERIOR,2015,9
HONDA,GRACE EX,2015,9
SUZUKI,SWIFT,2017,9
TOYOTA,AXIO,2016,9
MICRO,PANDA,2012,9
SUZUKI,ALTO,2013,9
SUZUKI,SWIFT,2007,9
MICRO,PANDA CROSS,2016,9
TOYOTA,COROLLA 141,2007,9
SUZUKI,SPACIA,2018,9
NISSAN,PULSAR,1997,9
HONDA,CIVIC,2018,9
CHEVROLET,CRUZE,2004,9
TOYOTA,CARINA,1998,8
NISSAN,FB13,1993,8
TATA,NANO,2017,8
NISSAN,FB13,1992,8
TOYOTA,COROLLA 121,2003,8
HONDA,GRACE,2014,8
TOYOTA,COROLLA 121,2004,8
TOYOTA,CE110,1997,8
PERODUA,VIVA ELITE,2008,8
HONDA,GRACE EX,2014,8
PERODUA,AXIA,2015,8
SUZUKI,SWIFT RS,2017,8
TOYOTA,COROLLA 121,2002,8
TOYOTA,ALLION 240,2002,8
HYUNDAI,ELANTRA,2000,8
MICRO,PANDA CROSS,2013,8
NISSAN,B11,1985,8
TOYOTA,AQUA S GRADE,2014,8
SUZUKI,MARUTI 800,2012,8
NISSAN,FB14,1995,8
SUZUKI,MARUTI 800,2010,8
TOYOTA,AQUA S GRADE,2013,8
NISSAN,FB14,1998,8
TOYOTA,COROLLA 121,2005,8
TOYOTA,PRIUS,2016,8
TOYOTA,COROLLA AE100,1992,8
DATSUN,REDI-GO,2016,8
TOYOTA,ALLION,2013,8
SUZUKI,SPACIA CUSTOM,2016,8
NISSAN,MARCH AK12,2002,8
DAIHATSU,MIRA,2016,8
NISSAN,MARCH,2002,8
MITSUBISHI,LANCER BOX,1982,8
SUZUKI,SPACIA CUSTOM,2018,8
NISSAN,PULSAR,1998,8
SUZUKI,ALTO,2008,8
MAZDA,DEMIO,2007,8
NISSAN,TIIDA,2007,8
TOYOTA,VITZ SAFETY EDITION,2017,8
SUZUKI,WAGON R FZ SAFETY,2018,8
NISSAN,FB15 SUPER SALOON,2000,8
DATSUN,REDI-GO,2017,8
SUZUKI,WAGON R FZ SAFETY,2014,8
KIA,RIO,2003,8
SUZUKI,HUSTLER,2016,8
TOYOTA,COROLLA 121,2000,8
HONDA,FIT GP5 S GRADE,2014,8
NISSAN,LEAF,2013,8
SUZUKI,SWIFT CENTER ANTENNA,2004,8
TOYOTA,ALLION 240,2004,7
TOYOTA,CE110,1996,7
TOYOTA,COROLLA 121,2001,7
TOYOTA,ALLION 240,2007,7
MICRO,TREND,2009,7
SUZUKI,SPACIA CUSTOM,2017,7
TOYOTA,AQUA S LIMITED,2012,7
NISSAN,N16,2001,7
TOYOTA,VITZ SAFETY EDITION 2,2018,7
HONDA,FIT GP1,2010,7
NISSAN,TRAD SUNNY,1989,7
SUZUKI,ALTO SPORT,2010,7
SUZUKI,WAGON R FZ,2016,7
TOYOTA,DX WAGON,1986,7
SUZUKI,WAGON R FZ PREMIUM,2018,7
TOYOTA,VITZ SAFETY,2016,7
SUZUKI,WAGON R PREMIUM,2018,7
MICRO,TREND,2010,7
PERODUA,BEZZA,2018,7
SUZUKI,WAGON R STINGRAY TURBO,2017,7
SUZUKI,CELERIO ZXI,2017,7
TOYOTA,AVANZA,2011,7
SUZUKI,SWIFT,2010,7
TOYOTA,VITZ KSP130,2015,7
TOYOTA,COROLLA 121,2006,7
NISSAN,FB14,1994,7
TOYOTA,AXIO G GRADE,2008,7
TOYOTA,PREMIO,2014,7
KIA,RIO,2000,7
DAIHATSU,MIRA,2017,7
CHEVROLET,CRUZE,2003,7
TOYOTA,AXIO,2010,7
TOYOTA,AXIO,2011,7
TOYOTA,AXIO,2013,7
SUZUKI,ALTO 800 LXI,2014,7
RENAULT,KWID RXT,2016,7
TOYOTA,YARIS,2006,7
TOYOTA,AXIO,2017,7
TOYOTA,PREMIO G SUPERIOR,2012,7
TOYOTA,AXIO 161,2013,7
SUZUKI,ALTO 800,2016,7
TOYOTA,ALLION 260,2013,7
SUZUKI,ALTO K10,2012,7
TOYOTA,IST,2007,7
HONDA,FIT,2014,6
SUZUKI,ALTO JAPAN,2007,6
SUZUKI,ALTO JAPAN,2015,6
SUZUKI,ESTILO,2012,6
TOYOTA,AQUA G,2013,6
TOYOTA,CARINA,1989,6
TOYOTA,AXIO X GRADE,2007,6
NISSAN,MARCH,2001,6
TOYOTA,COROLLA 110,1997,6
NISSAN,DAYZ,2015,6
SUZUKI,ALTO K10,2016,6
SUZUKI,CELERIO VXI,2016,6
SUZUKI,WAGON R FZ SAFETY,2016,6
SUZUKI,HUSTLER,2015,6
HYUNDAI,SONATA,2000,6
TOYOTA,PREMIO,2015,6
MAZDA,DEMIO,2001,6
ISUZU,GEMINI,1988,6
SUZUKI,A-STAR,2010,6
NISSAN,LEAF,2015,6
TOYOTA,SOLUNA,2001,6
TOYOTA,AXIO WXB,2016,6
TOYOTA,AQUA,2017,6
MAZDA,FAMILIA,2001,6
SUZUKI,ALTO LXI,2011,6
HYUNDAI,TRAJET,2000,6
SUZUKI,WAGON R FX SAFETY,2018,6
TOYOTA,PASSO,2004,6
TOYOTA,PREMIO G SUPERIOR,2018,6
TOYOTA,VITZ,2005,6
TOYOTA,AQUA S GRADE,2015,6
TOYOTA,VITZ,2002,6
PERODUA,KENARI,2007,6
HONDA,FIT SHUTTLE,2012,6
SUZUKI,WAGON R,2008,6
TOYOTA,VIOS S GRADE,2003,6
SUZUKI,ALTO,2017,6
NISSAN,BLUEBIRD,1999,6
SUZUKI,ZEN ESTILO,2010,6
HONDA,CITY,2000,6
NISSAN,N16,2002,6
TOYOTA,COROLLA DX WAGON,1987,6
HYUNDAI,MATRIX,2001,6
TOYOTA,AXIO X LIMITED,2008,6
BMW,520D,2012,6
TOYOTA,PRIUS,2015,6
SUZUKI,ALTO 800,2014,6
MICRO,PANDA CROSS,2015,6
SUZUKI,MARUTI,2003,6
NISSAN,HB11,1984,6
SUZUKI,SWIFT,2005,6
TOYOTA,AQUA S GRADE,2012,6
HONDA,N BOX CUSTOM,2016,6
TOYOTA,110,1996,6
TOYOTA,COROLLA AE100,1993,6
TOYOTA,ALLION,2002,6
TOYOTA,AXIO,2009,6
FORD,LASER,2000,6
SUZUKI,ALTO SPORT,2011,6
HYUNDAI,ACCENT,2004,5
HONDA,INSIGHT,2012,5
TOYOTA,PREMIO,2019,5
TOYOTA,KE72,1984,5
HONDA,FIT GP5 S GRADE,2013,5
TOYOTA,PREMIO 260,2010,5
TOYOTA,PASSO,2017,5
SUZUKI,ZEN,2006,5
NISSAN,N16,2003,5
HONDA,N WGN,2017,5
NISSAN,SUNNY FB15,2002,5
TOYOTA,PREMIO 240,2002,5
NISSAN,PULSAR,1999,5
TOYOTA,PRIUS,2009,5
TATA,INDIGO,2006,5
TOYOTA,ALLION 240,2005,5
HYUNDAI,EON,2017,5
TOYOTA,PREMIO,2012,5
TOYOTA,PASSO,2005,5
HONDA,GRACE EX,2017,5
TATA,NANO,2015,5
HONDA,FIT GP5 L GRADE,2015,5
TOYOTA,ALLION,2011,5
NISSAN,MARCH K12,2003,5
HYUNDAI,EON MAGNA PLUS,2015,5
NISSAN,FB14 SUPER SALOON,1996,5
NISSAN,MARCH K11,2002,5
TOYOTA,CAMRY,2004,5
MICRO,PANDA CROSS,2012,5
CHERY,QQ,2011,5
CHEVROLET,CRUZE,2002,5
TOYOTA,VITZ EDITION 3,2019,5
SUZUKI,SWIFT,2006,5
DAIHATSU,CHARADE,1989,5
TOYOTA,CARINA,1999,5
TOYOTA,CARINA,1985,5
SUZUKI,ALTO 800,2011,5
SUZUKI,WAGON R,2007,5
SUZUKI,ALTO,2005,5
TOYOTA,AXIO X GRADE,2008,5
SUZUKI,SWIFT CENTER ANTENNA,2003,5
TOYOTA,TANK,2017,5
SUZUKI,SWIFT CENTER ANTENNA,2005,5
NISSAN,DAYZ,2018,5
RENAULT,KWID,2017,5
SUZUKI,SWIFT RS,2018,5
MICRO,PANDA CROSS,2017,5
NISSAN,AD WAGON,2003,5
MICRO,TREND,2012,5
TOYOTA,COROLLA AE110,1999,5
ZOTYE,Z100,2020,5
TOYOTA,COROLLA,2008,5
SUZUKI,MARUTI,2009,5
MITSUBISHI,LANCER,1983,5
SUZUKI,MARUTI 800,2011,5
TOYOTA,COROLLA,1997,5
SUZUKI,HUSTLER,2017,5
MITSUBISHI,LANCER CS1,2008,5
TOYOTA,COROLLA,1996,5
TOYOTA,COROLLA,1988,5
TOYOTA,CE90,1991,5
TOYOTA,YARIS,2011,5
SUZUKI,CELERIO VXI,2014,5
TOYOTA,COROLLA AE100,1991,5
SUZUKI,CELERIO,2017,5
TOYOTA,WIGO,2017,5
TOYOTA,COROLLA AE110,1997,5
NISSAN,FB15 EX SALOON,1999,5
SUZUKI,ALTO,2009,5
HYUNDAI,EON,2015,5
PERODUA,VIVA ELITE,2009,5
SUZUKI,WAGON R FX,2016,5
TOYOTA,AQUA G LIMITED,2012,5
SUZUKI,WAGON R,2010,5
NISSAN,HB12,1989,5
TOYOTA,SOLUNA,2000,5
SUZUKI,WAGON R FZ,2015,5
HONDA,CIVIC FD3,2007,5
HONDA,CIVIC EK3,1998,5
MAZDA,FAMILIA,2000,5
MAZDA,FAMILIA,1989,5
HONDA,CIVIC,2017,5
HONDA,CIVIC,1985,5
MAZDA,DEMIO,2009,5
TOYOTA,AQUA S LIMITED,2013,5
HONDA,FIT ARIA,2007,5
TOYOTA,AQUA URBAN,2015,5
MITSUBISHI,GALANT,1985,4
MAZDA,DEMIO,2000,4
MAZDA,AXELA,2007,4
MITSUBISHI,LANCER C12,1985,4
HYUNDAI,SONATA,2004,4
NISSAN,MARCH AK12,2007,4
MINI,COOPER,1960,4
MITSUBISHI,LANCER,1992,4
TOYOTA,ALLION 260,2011,4
TOYOTA,COROLLA AE110,1995,4
TOYOTA,CE100,1991,4
MITSUBISHI,LANCER WAGON,1980,4
MITSUBISHI,LANCER,1985,4
NISSAN,LEAF,2012,4
TOYOTA,ALLION 240 ANNIVERSARY,2007,4
MITSUBISHI,LANCER CS1,2004,4
NISSAN,MARCH,2000,4
MITSUBISHI,LANCER CK1,1999,4
MITSUBISHI,C12,1985,4
TOYOTA,COROLLA 121 G GRADE,2003,4
TOYOTA,PASSO,2015,4
MAZDA,FAMILIA,1987,4
TOYOTA,COROLLA 2,1990,4
NISSAN,AD WAGON,1996,4
TOYOTA,PASSO,2016,4
TOYOTA,ALLION 260 G PLUS,2013,4
MITSUBISHI,LANCER CS1 GLX,2008,4
MAZDA,DEMIO,2008,4
NISSAN,MARCH K12,2002,4
KIA,SPECTRA,2001,4
NISSAN,FB15 EX SALOON,2000,4
NISSAN,AD WAGON,2001,4
NISSAN,FB15 SUPER SALOON,1999,4
TOYOTA,AQUA S LIMITED,2014,4
MERCEDES-BENZ,E300,2015,4
NISSAN,FB15 SUPER SALOON,2002,4
NISSAN,FB15 SUPER SALOON,2001,4
NISSAN,DAYZ,2016,4
TOYOTA,GLANZA,1997,4
NISSAN,DAYZ HIGHWAY STAR,2015,4
KIA,RIO,2004,4
TOYOTA,ALLION 240,2006,4
NISSAN,DOCTOR SUNNY,1992,4
NISSAN,FB12,1987,4
MERCEDES-BENZ,CLA 180,2017,4
NISSAN,FB12,1989,4
NISSAN,FB15,2004,4
NISSAN,FB15,2005,4
TOYOTA,CORONA PREMIO,1999,4
KIA,PICANTO,2017,4
NISSAN,MARCH K11,1997,4
TOYOTA,BELTA,2010,4
NISSAN,BLUEBIRD,1996,4
NISSAN,N17,2007,4
ISUZU,GEMINI,1989,4
ISUZU,GEMINI,1992,4
NISSAN,N17,2004,4
MICRO,PANDA,2014,4
NISSAN,N16 SUPER SALOON,2000,4
NISSAN,HB12,1988,4
TOYOTA,ALLION,2006,4
NISSAN,HB12,1987,4
KIA,MENTOR,2000,4
MICRO,MX7,2014,4
TOYOTA,CORSA,1999,4
MICRO,BAIC X25,2017,4
KIA,PICANTO,2005,4
TOYOTA,CORSA,1997,4
NISSAN,HB12 TRAD SUNNY,1987,4
SUZUKI,MARUTI 800,2005,4
TOYOTA,STARLET EP91,1996,4
HONDA,CIVIC EK3,1996,4
HONDA,CIVIC EX,2018,4
TOYOTA,SOLUNA,2002,4
HONDA,CIVIC FD3,2008,4
TOYOTA,PRIUS S TOURING,2014,4
SUZUKI,WAGON R FZ SAFETY,2015,4
TOYOTA,PRIUS S TOURING,2011,4
HONDA,FIT,2012,4
SUZUKI,WAGON R STINGRAY,2019,4
NISSAN,TRAD SUNNY,1987,4
NISSAN,TRAD SUNNY,1986,4
HONDA,FIT GP1 NAVI PREMIUM,2012,4
HONDA,FIT GP1 NAVI PREMIUM,2013,4
HONDA,FIT GP4 RS,2013,4
NISSAN,TIIDA,2008,4
AUDI,A1,2017,4
HONDA,FIT GP5 S GRADE,2015,4
HONDA,FIT GP5 S GRADE SAFETY,2015,4
SUZUKI,ZEN,2005,4
HONDA,FREED,2012,4
TATA,INDICA,2003,4
TATA,INDICA,2005,4
TOYOTA,PREMIO G SUPERIOR,2011,4
HONDA,INSIGHT,2010,4
HONDA,INSIGHT ZE2,2011,4
NISSAN,SUNNY FB15,2000,4
NISSAN,SUNNY FB15,1999,4
TATA,INDICA,2014,4
HONDA,CIVIC EK3,1997,4
PERODUA,KELISA,2007,4
HONDA,N BOX,2015,4
HONDA,CITY,2001,4
AUDI,A3,2018,4
ZOTYE,Z100,2021,4
ZOTYE,Z100,2019,4
AUDI,A4,2012,4
SUZUKI,MARUTI,2000,4
AUSTIN,MINI COOPER,1969,4
BAJAJ,QUTE,2019,4
BMW,520D,2013,4
TOYOTA,VITZ SCP90,2007,4
BMW,530E,2017,4
SUZUKI,ALTO LXI,2016,4
SUZUKI,ALTO K10 VXI,2011,4
CHERY,QQ,2009,4
TOYOTA,VITZ,2012,4
SUZUKI,ALTO 800,2018,4
TOYOTA,VIOS,2005,4
SUZUKI,ALTO,2004,4
SUZUKI,ALTO,2003,4
SUZUKI,ALTO,2002,4
TOYOTA,TERCEL,1999,4
PROTON,SAGA,2011,4
SUZUKI,SWIFT RS TURBO,2017,4
TOYOTA,STARLET EP91,1997,4
PEUGEOT,407,2007,4
SUZUKI,WAGON R,2006,4
TOYOTA,STARLET,1997,4
TOYOTA,STARLET,1994,4
TATA,INDICA,2015,4
NISSAN,SB14,1996,4
TOYOTA,PREMIO,2010,4
TOYOTA,PREMIO,2016,4
TOYOTA,PREMIO,2008,4
HYUNDAI,ACCENT,2003,4
NISSAN,SB14,1997,4
NISSAN,SUNNY,2002,4
HONDA,N WGN,2016,4
TATA,NANO TWIST,2016,3
SUZUKI,BALENO,2019,3
TOYOTA,VITZ SAFETY EDITION 3,2019,3
MITSUBISHI,MINICA,2000,3
MINI,COOPER,1994,3
MERCEDES-BENZ,C180,2011,3
MERCEDES-BENZ,C180,2010,3
PEUGEOT,406,2001,3
SUZUKI,WAGON R,2004,3
SUZUKI,WAGON R,2005,3
NISSAN,SUNNY,1989,3
TOYOTA,AVANZA,2008,3
MITSUBISHI,LANCER BOX,1984,3
PEUGEOT,406,2002,3
TOYOTA,AVANZA,2012,3
TOYOTA,CE100,1992,3
MERCEDES-BENZ,C200,2018,3
MITSUBISHI,RVR,1998,3
TOYOTA,PLATZ,2000,3
TOYOTA,CORONA,1997,3
TOYOTA,STARLET EP91,1998,3
MICRO,TREND,2011,3
NISSAN,FB13 DOCTOR SUNNY,1992,3
NISSAN,FB13 DOCTOR SUNNY,1991,3
SUZUKI,SWIFT RS,2019,3
TOYOTA,CORONA,1987,3
TOYOTA,VITZ SAFETY EDITION,2016,3
MITSUBISHI,LANCER WAGON,1983,3
HYUNDAI,ACCENT CRDI,2011,3
NISSAN,HB11,1985,3
NISSAN,WINGROAD Y11,2000,3
NISSAN,PULSAR,1994,3
HONDA,CIVIC FD1,2008,3
TOYOTA,COROLLA 2,1988,3
SUZUKI,MARUTI ZEN,2004,3
HYUNDAI,SONATA,2001,3
HONDA,CIVIC ES8,2001,3
TOYOTA,AQUA G LIMITED,2013,3
PERODUA,AXIA,2017,3
SUZUKI,MARUTI ZEN,2006,3
TOYOTA,AQUA S,2013,3
NISSAN,HB11,1986,3
NISSAN,HB11,1983,3
TOYOTA,CORONA PREMIO,1996,3
PERODUA,KELISA,2005,3
HONDA,CIVIC,2007,3
TOYOTA,PASSO,2009,3
TOYOTA,CORSA,1996,3
SUZUKI,WAGON R,2012,3
BMW,320I,2007,3
TOYOTA,STARLET,1989,3
TOYOTA,WIGO,2018,3
TOYOTA,STARLET,1991,3
TOYOTA,PASSO,2010,3
NISSAN,SUNNY,1990,3
TOYOTA,STARLET,1998,3
NISSAN,FB13,1994,3
NISSAN,FB12 TRAD SUNNY,1988,3
NISSAN,FB13,1990,3
TOYOTA,COROLLA,1987,3
SUZUKI,ALTO JAPAN,2002,3
NISSAN,B11,1984,3
DAIHATSU,MOVE,2016,3
TOYOTA,AXIO X LIMITED,2010,3
NISSAN,B11,1986,3
DAIHATSU,MIRA SAFETY,2016,3
TOYOTA,110,1999,3
TOYOTA,VIOS,2006,3
TOYOTA,VIOS,2008,3
MICRO,MX7,2012,3
TOYOTA,CAMRY,1991,3
NISSAN,BLUEBIRD,2000,3
MICRO,MX7,2010,3
MICRO,MX7,2008,3
TOYOTA,COROLLA DX WAGON,1989,3
NISSAN,B12,1987,3
TOYOTA,CARINA,2000,3
TOYOTA,VITZ,2001,3
TOYOTA,VITZ,2000,3
MICRO,EMGRAND,2014,3
TOYOTA,CAMRY,2006,3
TOYOTA,CAMRY,2007,3
TOYOTA,110,1998,3
TOYOTA,VITZ,1999,3
MERCEDES-BENZ,W211 E240,2003,3
TOYOTA,COROLLA CE90,1991,3
TOYOTA,COROLLA CE90,1990,3
SUZUKI,ALTO JAPAN,2006,3
CHEVROLET,CRUZE,2006,3
SUZUKI,SWIFT,2001,3
NISSAN,DOCTOR SUNNY,1990,3
NISSAN,FB12 TRAD SUNNY,1987,3
SUZUKI,SWIFT JAPAN,2007,3
NISSAN,FB12,1988,3
MICRO,PANDA LC 1.0,2018,3
PROTON,WIRA,2001,3
TOYOTA,AXIO,2019,3
TOYOTA,AXIO 141,2007,3
TOYOTA,AXIO 141,2008,3
PROTON,WIRA,2004,3
TOYOTA,KE72,1985,3
MERCEDES-BENZ,E200,1997,3
NISSAN,DOCTOR SUNNY,1991,3
TOYOTA,COROLLA SPRINTER,1997,3
MICRO,PANDA,2018,3
NISSAN,AD WAGON Y10,1997,3
NISSAN,AD WAGON Y11,2000,3
NISSAN,AK12,2007,3
SUZUKI,ALTO LXI,2010,3
NISSAN,CEFIRO J31,2007,3
SUZUKI,SWIFT,2011,3
CHERY,QQ,2008,3
MERCEDES-BENZ,E300,2014,3
SUZUKI,A-STAR,2013,3
NISSAN,CEFIRO,2000,3
MICRO,PANDA 1.0,2015,3
TOYOTA,CARINA AA60,1983,3
NISSAN,WINGROAD WFY11,2000,3
HONDA,CIVIC,2019,3
SUZUKI,ESTEEM,2003,3
TOYOTA,DX WAGON KE72,1987,3
AUDI,A4,2011,3
NISSAN,N17,2006,3
KIA,SEPHIA,2000,3
KIA,SEPHIA,2002,3
HONDA,FIT GP5 SAFETY,2014,3
SUZUKI,MARUTI 800,2004,3
HYUNDAI,ELANTRA,2001,3
KIA,SPECTRA,2002,3
NISSAN,N17,2008,3
TOYOTA,PRIUS 20,2008,3
NISSAN,MARCH K12,2007,3
SUZUKI,MARUTI,1999,3
AUDI,A6,2013,3
NISSAN,N17,2010,3
SUZUKI,MARUTI,1996,3
HONDA,FIT GP5,2016,3
SUZUKI,MARUTI,1994,3
HONDA,FIT GP4 RS,2012,3
HONDA,FIT GP4,2012,3
NISSAN,TIIDA LATIO,2007,3
NISSAN,MARCH K11,1999,3
TOYOTA,ALLION 260,2014,3
MITSUBISHI,LANCER,1978,3
MITSUBISHI,LANCER CK1,2000,3
TOYOTA,ALLION 260 G,2007,3
MAZDA,AXELA,2013,3
TOYOTA,ALLION 260 G GRADE,2007,3
HONDA,FIT SHUTTLE,2014,3
TOYOTA,PREMIO G SUPERIOR,2020,3
HONDA,FIT SHUTTLE GP7,2016,3
NISSAN,N16 EX SALOON,2001,3
NISSAN,SUNNY FB14,1999,3
JAGUAR,XF,2014,3
NISSAN,N16 SUNNY SUPER SALOON,2000,3
TATA,NANO LX,2011,3
TOYOTA,COROLLA 110,2000,3
ISUZU,GEMINI JT600,1988,3
HONDA,N BOX,2017,3
MITSUBISHI,LANCER BOX,1988,3
NISSAN,SUNNY FB14,1996,3
TOYOTA,IST FL GRADE,2004,3
TOYOTA,IST FL GRADE,2003,3
TOYOTA,COROLLA 110,1999,3
HONDA,INSIGHT ZE2,2009,3
SUZUKI,ZEN ESTILO,2011,3
TOYOTA,COROLLA 110,1998,3
AUDI,A3 SPORTBACK,2017,3
TOYOTA,IST,2008,3
ISUZU,GEMINI,1991,3
TOYOTA,ALLION,2014,3
HONDA,GRACE EX SENSING,2018,3
KIA,RIO,2002,3
TATA,INDICA,2004,3
HONDA,GRACE EX GRADE,2015,3
HONDA,GRACE,2017,3
TOYOTA,IST,2004,3
ISUZU,GEMINI,1987,3
NISSAN,MARCH AK12,2008,3
TOYOTA,EE90,1990,3
TOYOTA,DX WAGON KE72,1986,3
HONDA,FIT,2013,3
MITSUBISHI,GALANT,2000,3
MITSUBISHI,LANCER CS1,2003,3
TOYOTA,PRIUS G TOURING,2012,3
TOYOTA,DX WAGON,1985,3
HONDA,FIT GD1,2003,3
HONDA,FIT ARIA,2008,3
AUSTIN,MINI COOPER,1980,3
MAZDA,DEMIO,2010,3
MITSUBISHI,LANCER CS1,2007,3
AUSTIN,MINI COOPER,1997,3
SUZUKI,ESTILO VXI,2011,3
MITSUBISHI,EK WAGON CUSTOM,2016,3
HONDA,FIT GP1,2014,3
MAZDA,FAMILIA,1993,3
MAZDA,FAMILIA,1996,3
MAZDA,FAMILIA,1997,3
TOYOTA,COROLLA,1993,3
TATA,NANO LX,2012,3
SUZUKI,ESTILO,2008,3
MAZDA,FAMILIA,2002,3
TOYOTA,COROLLA 141,2010,3
TOYOTA,COROLLA,1991,3
TOYOTA,AQUA,2016,3
NISSAN,LEAF AZEO,2013,3
HONDA,FIT GE6,2008,3
TOYOTA,CARINA,1991,3
NISSAN,PRESEA,2000,3
NISSAN,MARCH AK12,2003,3
TOYOTA,DX WAGON,1988,3
TOYOTA,ALLION 260 G GRADE,2010,3
TOYOTA,DX WAGON,1989,3
TOYOTA,CARINA AT192,1993,2
SUZUKI,BALENO,2016,2
TOYOTA,CE110 SE SALOON LIMITED,1998,2
NISSAN,B11,1989,2
TOYOTA,COROLLA,2000,2
SUZUKI,MARUTI 800,2008,2
MITSUBISHI,LANCER FLAT LIGHT,1977,2
MITSUBISHI,LANCER CS2,2002,2
NISSAN,SUNNY,1983,2
TOYOTA,CE96,1991,2
SUZUKI,ALTO 800 LXI,2013,2
SUZUKI,MARUTI 800,2009,2
SUZUKI,ALTO 800 LXI,2016,2
MITSUBISHI,LANCER CB8,1992,2
SUZUKI,CELERIO ZXI,2016,2
NISSAN,SUNNY,1986,2
SUZUKI,CELERIO ZXI,2015,2
TOYOTA,COROLLA,1992,2
TOYOTA,CARINA 170,1991,2
TOYOTA,COROLLA,1985,2
TOYOTA,COROLLA,1990,2
MITSUBISHI,LANCER CS3 GLX,2001,2
MITSUBISHI,MIRAGE,2012,2
SUZUKI,MARUTI 800,1998,2
TOYOTA,CARINA SI MY ROAD,1999,2
NISSAN,B14,1995,2
NISSAN,B14,1994,2
TOYOTA,CARINA,1995,2
TOYOTA,CARINA,1996,2
TOYOTA,CARINA GT,1997,2
SUZUKI,ALTO 800 LXI,2011,2
SUZUKI,MARUTI EFI,2004,2
MITSUBISHI,LANCER CK2,2001,2
MITSUBISHI,LANCER BOX,1987,2
MITSUBISHI,LANCER EX,2008,2
MITSUBISHI,LANCER CK2,2000,2
SUZUKI,ALTO JAPAN,2008,2
TOYOTA,CARINA,1992,2
SUZUKI,MARUTI EFI,2006,2
MITSUBISHI,LANCER CK2,1997,2
MITSUBISHI,LANCER CS1,2001,2
TOYOTA,CARINA CT210,1997,2
SUZUKI,ALTO LXI,2014,2
TESLA,MODEL 3,2024,2
NISSAN,AD WAGON,2000,2
NISSAN,AD WAGON,1999,2
TOYOTA,CARINA AT150,1985,2
SUZUKI,ALTO SPORT,2012,2
TOYOTA,CARINA AT192,1994,2
NISSAN,SALOON,1987,2
NISSAN,SB12,1989,2
MITSUBISHI,LANCER WAGON,1984,2
TOYOTA,COROLLA,1989,2
SUZUKI,SPACIA CUSTOM,2015,2
SUZUKI,HUSTLER J STYLE,2015,2
SUZUKI,MARUTI,1995,2
NISSAN,AD WAGON,1991,2
NISSAN,AD WAGON,1984,2
NISSAN,AD WAGON Y10,1998,2
TATA,NANO TWIST,2015,2
MITSUBISHI,MINICA,2004,2
TOYOTA,COROLLA,1999,2
SUZUKI,ALTO K10,2013,2
TOYOTA,CARINA TI MY ROAD 212,1999,2
SUZUKI,LIANA,2007,2
SUZUKI,MARUTI,2013,2
SUZUKI,CELERIO LXI,2015,2
MITSUBISHI,LANCER WAGON,1978,2
NISSAN,AVENIR,1997,2
MITSUBISHI,LANCER CK1,1997,2
SUZUKI,SPACIA CUSTOM Z,2018,2
SUZUKI,BALENO,1999,2
MITSUBISHI,LANCER CS1,2005,2
NISSAN,PULSAR FN15,1998,2
SUZUKI,SPACIA XS CUSTOM,2018,2
MITSUBISHI,MIRAGE,2002,2
SUZUKI,ALTO LXI,2007,2
SUZUKI,MARUTI 800,2013,2
SUZUKI,ALTO LXI,2006,2
TOYOTA,AE91 SPRINTER,1987,2
TOYOTA,CARINA,1988,2
NISSAN,LEAF AZEO,2012,2
NISSAN,WINGROAD,2004,2
NISSAN,WINGROAD,2002,2
NISSAN,WINGROAD,1999,2
SUZUKI,WAGON R FZ SAFETY MODEL,2017,2
SUZUKI,WAGON R SAFETY,2014,2
TOYOTA,ALLION G GRADE,2014,2
TOYOTA,ALLION G GRADE,2013,2
NISSAN,LEAF G GRADE,2015,2
TOYOTA,121 HATCHBACK,2002,2
TOYOTA,ALLION G GRADE,2007,2
NISSAN,LUCINO,1998,2
NISSAN,MARCH,1995,2
NISSAN,TRAD SUNNY HB12,1990,2
NISSAN,TRAD SUNNY HB12,1988,2
NISSAN,TRAD SUNNY FB12,1987,2
NISSAN,SUNNY B310,1980,2
TATA,INDIGO,2015,2
NISSAN,TRAD SUNNY B12,1987,2
TOYOTA,AQUA G,2012,2
NISSAN,SUNNY,1994,2
NISSAN,FB15 SUPER SALOON,2003,2
PERODUA,KENARI,2008,2
PERODUA,KELISA,2008,2
PERODUA,KELISA,2004,2
NISSAN,HB11,1982,2
NISSAN,SUNNY,1996,2
TATA,INDIGO GLX,2015,2
PERODUA,BEZZA,2019,2
PERODUA,BEZZA,2017,2
PERODUA,AXIA G,2016,2
NISSAN,HB310,1980,2
NISSAN,Y10,1999,2
NISSAN,K10,1990,2
TATA,INDIGO GLX,2004,2
NISSAN,PRIMERA,1999,2
NISSAN,MARCH,2003,2
SUZUKI,ALTO 800,2017,2
SUZUKI,WAGON R VXI,2008,2
NISSAN,SUNNY SB14,1997,2
NISSAN,N17,2005,2
NISSAN,SUNNY FB13,1991,2
NISSAN,N16,2005,2
NISSAN,SUNNY FB13,1993,2
TATA,INDICA,2006,2
TATA,INDICA,2007,2
NISSAN,N16 BLUEBIRD SYLPHY,2001,2
NISSAN,SUNNY FB15,2004,2
NISSAN,N16 SUNNY,2000,2
NISSAN,SUNNY FB15,2001,2
TOYOTA,AE81,1989,2
NISSAN,N16 SUNNY BLUEBIRD SYLPHY,2001,2
TOYOTA,AE91,1987,2
TOYOTA,AE91,1992,2
TATA,INDICA V2 GLX XETA,2006,2
TOYOTA,ALLION 240 G,2003,2
NISSAN,MARCH,2007,2
NISSAN,SYLPHY,2000,2
TOYOTA,AA60,1984,2
TOYOTA,ALLION 260 G GRADE,2008,2
TOYOTA,ALLION 260 G,2013,2
TOYOTA,AE100 SPRINTER,1992,2
NISSAN,MARCH K10,1988,2
NISSAN,MARCH K10,1990,2
NISSAN,MARCH K10,1991,2
NISSAN,MARCH K11,1994,2
NISSAN,MARCH K11,1995,2
NISSAN,MARCH K11,1996,2
NISSAN,N17 EX SALOON,2008,2
NISSAN,N17,2011,2
NISSAN,MARCH K11,2004,2
NISSAN,TIIDA,2011,2
NISSAN,TIIDA,2004,2
NISSAN,FB15 SUNNY EX SALOON,2000,2
NISSAN,FB15 SUNNY,2000,2
PERODUA,VIVA ELITE PREMIUM,2010,2
NISSAN,BLUEBIRD SYLPHY,2009,2
NISSAN,BLUEBIRD SYLPHY,2011,2
TOYOTA,110,2000,2
NISSAN,BLUEBIRD SYLPHY G11,2010,2
NISSAN,PULSAR CJ2,1999,2
TOYOTA,AXIO X,2007,2
NISSAN,PULSAR CJ2,1998,2
NISSAN,PULSAR,2000,2
SUZUKI,AERIO,2003,2
NISSAN,CEDRIC,1993,2
TOYOTA,AXIO G SAFETY,2016,2
NISSAN,CEFIRO,2003,2
NISSAN,CEFIRO,2004,2
TOYOTA,AXIO G GRADE,2013,2
SUZUKI,SWIFT BEETLE,2004,2
SUBARU,LEONE,1992,2
NISSAN,BLUEBIRD SYLPHY,2010,2
NISSAN,BLUEBIRD SYLPHY,2002,2
NISSAN,FB15 EX SALOON,2001,2
NISSAN,BLUEBIRD SU14,1999,2
NISSAN,B310,1980,2
TOYOTA,CAMRY,2010,2
NISSAN,BLUEBIRD,1982,2
NISSAN,BLUEBIRD,1986,2
NISSAN,BLUEBIRD,1989,2
NISSAN,BLUEBIRD,1993,2
SUZUKI,ALTO 800,2013,2
SUZUKI,ALTO 800,2012,2
SUZUKI,ALTO 800,2008,2
TOYOTA,CAMRY,1994,2
NISSAN,BLUEBIRD,1998,2
SUZUKI,ALTO,2018,2
TOYOTA,BELTA,2012,2
TOYOTA,BELTA,2011,2
TOYOTA,BELTA,2006,2
TOYOTA,AXIO G,2015,2
TOYOTA,AXIO G,2014,2
RENAULT,KWID SPORTS RXT,2016,2
RENAULT,KWID RXT,2017,2
NISSAN,FB14,1993,2
PEUGEOT,504,1976,2
SUZUKI,SWIFT ZXI,2006,2
SUZUKI,SX4,2007,2
NISSAN,FB14,1999,2
NISSAN,FB14 EX SALOON,1998,2
NISSAN,FB14 SUPER SALOON,1999,2
NISSAN,FB15,1998,2
PEUGEOT,406,2000,2
PEUGEOT,406,1999,2
PEUGEOT,306,1998,2
PEUGEOT,305GL,1986,2
SUZUKI,WAGON R,2003,2
TOYOTA,AT150,1985,2
PERODUA,VIVA ELITE PREMIUM,2012,2
NISSAN,SUNNY,1987,2
SUZUKI,SWIFT RS TURBO SAFETY,2017,2
PEUGEOT,508,2011,2
NISSAN,DAYZ ROOX,2015,2
NISSAN,DAYZ,2017,2
SUZUKI,SWIFT JAPAN,2002,2
NISSAN,DAYZ,2020,2
RENAULT,KWID,2018,2
TOYOTA,AXIO G,2007,2
NISSAN,DAYZ HIGHWAY STAR,2017,2
TOYOTA,AXIO FIELDER,2014,2
PROTON,GEN 2,2005,2
PROTON,WIRA,2000,2
PROTON,WIRA,1998,2
SUZUKI,SWIFT JAPAN,2004,2
SUZUKI,SWIFT JAPAN,2005,2
PROTON,SAGA,2024,2
SUZUKI,SWIFT JAPAN,2010,2
PROTON,WIRA,2005,2
MITSUBISHI,LANCER,1991,2
HYUNDAI,ELANTRA,2011,2
TOYOTA,EE96,1990,2
MAZDA,323,1985,2
HONDA,FIT ARIA,2005,2
MAZDA,3,2007,2
MERCEDES-BENZ,E350E AMG PREMIUM,2017,2
DATSUN,DATSUN,2017,2
TOYOTA,TERCEL,1997,2
TOYOTA,COROLLA EE96,1989,2
DAIHATSU,MIRA,1997,2
HONDA,FIT GD1,2007,2
HONDA,FIT GE6,2007,2
DAIHATSU,MOVE,2015,2
MERCEDES-BENZ,W 123,1980,2
HONDA,FIT GP1 10TH ANNIVERSARY,2012,2
TOYOTA,PRIUS 4TH GEN,2016,2
FIAT,GRANDE PUNTO,2007,2
HONDA,FIT ARIA,2004,2
FIAT,LINEA,2011,2
MAZDA,323,1994,2
MERCEDES-BENZ,E300 BLUETEC,2014,2
MAZDA,ASTINA,1989,2
MAZDA,AXELA,2010,2
FIAT,PUNTO,2001,2
FIAT,PUNTO,2007,2
TOYOTA,PRIUS S LED,2013,2
TOYOTA,DX WAGON KE72,1984,2
TOYOTA,COROLLA KE72,1984,2
MAZDA,CAROL,2015,2
HONDA,CRZ,2013,2
TOYOTA,DX WAGON,1987,2
FIAT,UNO,1996,2
MAZDA,DEMIO,1998,2
DAIHATSU,MIRA ES,2016,2
TOYOTA,VIOS,2010,2
CHERY,QQ,2012,2
KIA,OPTIMA,2012,2
TOYOTA,VITZ,2014,2
KIA,PRIDE,2000,2
HONDA,FIT GP5,2020,2
TOYOTA,IST,2009,2
CHEVROLET,CRUZE GM,2005,2
TOYOTA,COROLLA CE110 XE SALOON,1997,2
CHEVROLET,AVEO,2008,2
HONDA,FIT GP1 PREMIUM,2013,2
MICRO,BAIC,2018,2
TOYOTA,COROLLA CE110,1997,2
MICRO,BAIC X25,2019,2
KIA,CERATO,2011,2
TOYOTA,PRIUS 2ND GEN ANNIVERSARY,2008,2
CHERY,QQ 308,2007,2
TOYOTA,VITZ,2013,2
TOYOTA,VITZ,2006,2
MERCEDES-BENZ,W210 E200,1998,2
DAIHATSU,CHARADE,1986,2
DAIHATSU,CHARADE,1987,2
TOYOTA,VITZ,2003,2
MERCEDES-BENZ,W210 E200,1996,2
DAIHATSU,CHARADE G100S,1987,2
DAIHATSU,CHARADE G101S,1989,2
TOYOTA,IST,2002,2
TOYOTA,VISTA,1991,2
TOYOTA,COROLLA DX WAGON,1984,2
KIA,RIO RS,2003,2
DAIHATSU,CUORE,1997,2
MERCEDES-BENZ,W124,1986,2
HONDA,FIT GP5,2017,2
TOYOTA,EP91,1997,2
MAZDA,DEMIO,1999,2
MAZDA,DEMIO,2002,2
MAZDA,DEMIO,2003,2
MAZDA,FAMILIA BJ5P,2001,2
MAZDA,FLAIR,2014,2
TOYOTA,CORONA PREMIO,1997,2
TOYOTA,STARLET EP71,1987,2
HONDA,CIVIC EK3,1999,2
HONDA,CIVIC EK3,2000,2
MAZDA,FAMILIA BJ5P,2003,2
MAZDA,FAMILIA BJ5P,2000,2
TOYOTA,PRIUS S TOURING,2010,2
MERCEDES-BENZ,C180,2002,2
FORD,TELSTAR,1985,2
TOYOTA,SPRINTER,1997,2
MAZDA,FAMILIA BJ5,2003,2
FORD,MONDEO,2003,2
TOYOTA,STARLET EP82,1993,2
MERCEDES-BENZ,- KOMPESSOR C180,2003,2
TOYOTA,STARLET,1995,2
TOYOTA,STARLET,1992,2
HONDA,CITY,2004,2
TOYOTA,STARLET,1988,2
TOYOTA,CROWN,1983,2
TOYOTA,CORSA,1990,2
MAZDA,MAZDA,1993,2
MAZDA,RX-8,2008,2
TOYOTA,CORSA,1998,2
HONDA,CIVIC,1987,2
HONDA,CIVIC,2012,2
MAZDA,MR 90,1993,2
MAZDA,MR 90,1992,2
MAZDA,MAZDA,2008,2
TOYOTA,CORSA EL51,1996,2
HONDA,CIVIC,1991,2
TOYOTA,STARLET EP82,1994,2
TOYOTA,STARLET EP82,1995,2
MERCEDES-BENZ,C180 KOMPRESSOR,2010,2
TOYOTA,CORONA,1986,2
MERCEDES-BENZ,E200,2010,2
HONDA,CIVIC SR,2018,2
HONDA,CIVIC SR,2017,2
FORD,LASER,1985,2
TOYOTA,COROLLA WAGON,1991,2
FORD,LASER,1987,2
TOYOTA,STARLET GT,1991,2
MERCEDES-BENZ,CLA 180,2019,2
MAZDA,FAMILIA,1990,2
MAZDA,FAMILIA,1995,2
HONDA,CIVIC FD1,2006,2
MERCEDES-BENZ,C220 CDI,2013,2
TOYOTA,STARLET GLANZA,2000,2
TOYOTA,CORONA,1985,2
TOYOTA,PREMIO,1999,2
TOYOTA,CORONA AT170,1989,2
TOYOTA,STARLET GLANZA,1997,2
FORD,LASER,1996,2
TOYOTA,CORONA,1991,2
TOYOTA,CORONA,1992,2
TOYOTA,CORONA,1993,2
TOYOTA,CORONA,1994,2
TOYOTA,CORONA,1996,2
FORD,LASER,2001,2
MERCEDES-BENZ,C200,2019,2
MERCEDES-BENZ,C200,2016,2
MERCEDES-BENZ,C200,2007,2
TOYOTA,DUET,2003,2
HONDA,CIVIC ES8,2004,2
HONDA,CIVIC ES8,2002,2
TOYOTA,VITZ KSP130,2016,2
KIA,RIO,2015,2
CHERY,QQ,2010,2
HONDA,INSIGHT ZE2,2010,2
TOYOTA,PASSO,2011,2
TOYOTA,COROLLA 2,1987,2
TOYOTA,COROLLA 2,1993,2
HYUNDAI,SANTRO XING,2004,2
HYUNDAI,SONATA,2011,2
VOLKSWAGEN,PASSAT,2000,2
BAJAJ,QUTE,2018,2
HONDA,N WGN CUSTOM,2018,2
HONDA,N WGN,2018,2
BMW,318I,2016,2
TOYOTA,COROLLA 2 WINDY,1992,2
TOYOTA,COROLLA AE100,1995,2
HONDA,N BOX CUSTOM,2017,2
TOYOTA,VITZ KSP130,2017,2
HONDA,N BOX,2018,2
BMW,318I M SPORT,2018,2
TOYOTA,COROLLA AE110,1996,2
MINI,COOPER,1970,2
TOYOTA,COROLLA AE110,1998,2
MINI,COOPER,1961,2
TOYOTA,PREMIO CORONA,1996,2
TOYOTA,YARIS,2019,2
MICRO,X25,2017,2
HONDA,INTEGRA,1987,2
BMW,320D,2011,2
BMW,320D,2013,2
TOYOTA,COROLLA AE110,2008,2
BMW,320I E90,2007,2
HONDA,INSIGHT ZE3,2012,2
TOYOTA,COROLLA 141 LX,2010,2
TOYOTA,COROLLA 141,2012,2
MITSUBISHI,EK WAGON,2017,2
TOYOTA,PASSO SAFETY,2017,2
AUDI,A1,2018,2
AUDI,A3 S LINE,2018,2
AUDI,A3 TFSI,2015,2
ZOTYE,Z100,2018,2
AUDI,A4,2010,2
HYUNDAI,ATOS,2001,2
HYUNDAI,ACCENT,2006,2
HYUNDAI,ACCENT,1999,2
TOYOTA,PIXIS,2017,2
VOLVO,S60,2004,2
HYUNDAI,EON MAGNA,2014,2
HYUNDAI,ACCENT,1998,2
MITSUBISHI,LANCER,1995,2
VOLVO,S40,1999,2
HONDA,S660,2017,2
TOYOTA,PREMIO 260,2007,2
TOYOTA,COROLLA 121 G,2003,2
TOYOTA,COROLLA 121 G GRADE,2001,2
HYUNDAI,GETZ,2002,2
MITSUBISHI,GALANT,2006,2
MITSUBISHI,GALANT,2003,2
AUDI,A8L,2013,2
HYUNDAI,GRAND I10,2016,2
MITSUBISHI,GALANT,1983,2
VOLKSWAGEN,POLO R-LINE,2019,2
HONDA,S660,2018,2
TOYOTA,PASSO HANA KGC30,2010,2
HYUNDAI,GRAND I10,2024,2
HONDA,INSIGHT ZE3,2011,2
TOYOTA,SPRINTER AE80,1984,2
TOYOTA,VITZ SCP90,2008,2
HONDA,INSIGHT,2013,2
TOYOTA,VITZ SAFETY EDITION,2018,2
HYUNDAI,STELLAR,1986,2
HONDA,GRACE EX LIMITED,2016,2
HONDA,FREED,2013,2
MICRO,PANDA LC 1.0,2015,2
MICRO,PANDA LC 1.0,2013,2
TOYOTA,COROLLA AE80,1984,2
MICRO,PANDA LC,2016,2
TOYOTA,VITZ SAFETY,2018,2
TOYOTA,VITZ SAFETY,2017,2
HONDA,FIT SHUTTLE GP2,2013,2
TOYOTA,COROLLA AE80,1986,2
TOYOTA,COROLLA AE81,1984,2
TOYOTA,VITZ RS,2008,2
BMW,I3 REX,2016,2
HONDA,FIT SHUTTLE,2011,2
TOYOTA,VITZ KSP90,2006,2
TOYOTA,PRIUS,2007,2
TOYOTA,VITZ KSP130,2019,2
MICRO,MX7 MARK 2,2013,2
MICRO,MX7,2013,2
MICRO,MX7,2011,2
HONDA,FIT GP5 S GRADE MUGEN,2013,2
HONDA,GRAND CIVIC,1990,2
TOYOTA,PREMIO G SUPERIOR,2019,2
BMW,520I,2011,2
TOYOTA,PRIUS S GRADE,2014,1
TOYOTA,PREMIO NZT260 G SUPERIOR,2018,1
TOYOTA,PRIUS 3RD GEN,2011,1
TATA,INDIGO MARINA GLX,2005,1
TATA,INDIGO MARINA,2006,1
SUZUKI,ZEN,2003,1
TOYOTA,SPRINTER,1999,1
TOYOTA,SPRINTER,1998,1
SUZUKI,ZEN,2004,1
TOYOTA,PRIUS 3RD GENERATION,2014,1
TOYOTA,PRIUS G GRADE,2012,1
TATA,INDICA,2011,1
TOYOTA,PREMIO G SUPERIOR,2009,1
SUZUKI,WAGON R STINGRAY,2020,1
SUZUKI,WAGON R,2019,1
TOYOTA,SPRINTER,2003,1
SUZUKI,ZEN ESTILO,2008,1
SUZUKI,WAGON R,2020,1
TOYOTA,SPRINTER,1995,1
TOYOTA,PRIUS PHV,2013,1
TOYOTA,SPRINTER,1991,1
SUZUKI,WAGON R 44S,2015,1
SUZUKI,WAGON R CUSTOM Z TURBO,2024,1
SUZUKI,WAGON R FX,2015,1
TOYOTA,PREMIO 260,2011,1
TATA,INDIGO ECS,2015,1
SUZUKI,ZEN ESTILO,2009,1
SUZUKI,WAGON R STINGRAY SAFETY,2014,1
TOYOTA,PREMIO 260,2008,1
TATA,INDIGO,2016,1
TOYOTA,PRIUS 3RD,2012,1
TOYOTA,PRIUS MY COORDINATION S TOURING,2014,1
TOYOTA,PREMIO,2000,1
SUZUKI,WAGON R VXI,2011,1
TOYOTA,PRIUS G TOURING,2015,1
SUZUKI,WAGON R TURBO,2017,1
SUZUKI,WAGON R ZX MH95S,2023,1
TOYOTA,PRIUS 2ND GENERATION,2007,1
TATA,NANO,2014,1
TOYOTA,SPRINTER 111,2000,1
TOYOTA,PRIUS MY CORD EDITION S GRADE,2012,1
SUZUKI,WORKS,1998,1
SUZUKI,WAGON R,2013,1
SUZUKI,ZEN,2000,1
TOYOTA,PRIUS G GRADE,2013,1
SUZUKI,WORKS,2002,1
SUZUKI,WAGON R STINGRAY SAFETY,2019,1
SUZUKI,WAGON R STINGRAY SAFETY,2017,1
TOYOTA,SPRINTER 110 XE VINTAGE,1997,1
SUZUKI,X 44,2008,1
TOYOTA,PREMIO 240,2006,1
TOYOTA,SPRINTER 110 VINTAGE,1997,1
TOYOTA,PREMIO 240 G,2003,1
SUZUKI,WAGON R STINGRAY SAFETY,2015,1
TOYOTA,SPRINTER 110,1996,1
TOYOTA,SPRINTER,1990,1
TOYOTA,PREMIO 260,2013,1
SUZUKI,WAGON R FZ SAFETY,2021,1
SUZUKI,WAGON R FZ,2019,1
TATA,INDICA V2 LSI,2003,1
TOYOTA,PREMIO 260,2016,1
SUZUKI,WAGON R FZ CAM,2018,1
SUZUKI,WAGON R FZ JAPAN,2015,1
TOYOTA,PRIUS ZVW30,2012,1
TOYOTA,PRIUS S TOURING LIMITED,2011,1
SUZUKI,WAGON R FZ PREMIUM,2019,1
TATA,INDICA V2,2006,1
TOYOTA,PREMIO 260 G SUPERIOR,2008,1
TOYOTA,PRIUS 4TH,2016,1
TATA,INDICA V2,2005,1
TOYOTA,PRIUS S LIMITED LED,2012,1
TOYOTA,PREMIO CT210,1999,1
TATA,INDICA LXI V2,2005,1
TATA,INDICA GLX XETA,2014,1
SUZUKI,WAGON R MH44 FZ,2014,1
SUZUKI,WAGON R JAPAN,2006,1
TATA,INDICA GLX,2015,1
SUZUKI,WAGON R JAPAN,2002,1
TOYOTA,PRIUS C AQUA,2014,1
TATA,INDICA EV2 GLX,2014,1
TOYOTA,PRIUS S LIMITED,2012,1
TOYOTA,PRIUS S LIMITED,2010,1
TOYOTA,PREMIO 260 G SUPERIOR,2011,1
TOYOTA,PRIUS ANNIVERSARY,2008,1
TATA,INDICA XETA GLX,2009,1
TOYOTA,PRIUS ZVW50,2016,1
TOYOTA,SPRINTER,1989,1
TOYOTA,ROOMY,2017,1
TOYOTA,PREMIO G,2014,1
SUZUKI,WAGON R FX SAFETY,2016,1
TOYOTA,SPRINTER,1985,1
TOYOTA,SOLUNA,2005,1
TATA,INDIGO,2011,1
SUZUKI,WAGON R SAFETY,2016,1
TOYOTA,SPRINTER AE110,1998,1
TOYOTA,PRIUS S,2011,1
SUZUKI,WAGON R STINGRAY J STYLE,2016,1
SUZUKI,WAGON R PREMIUM FZ,2018,1
TATA,INDIGO,2008,1
TATA,INDICA,2013,1
TATA,EV2 XETA,2015,1
SUZUKI,WAGON R STINGRAY J STYLE,2006,1
TOYOTA,PRIUS S GRADE,2012,1
TATA,INDICA XETA GLX V2,2007,1
TOYOTA,SOLUNA,2003,1
TATA,INDICA XETA GLX EV2,2015,1
TOYOTA,SCP90 VITZ,2008,1
TOYOTA,ROOMY LED,2020,1
TOYOTA,ROOMY,2018,1
SUZUKI,WAGON R MH55S FZ,2017,1
TATA,INDICA XETA GLX,2015,1
TOYOTA,PRIUS 3RD GENERATION S GRADE,2013,1
SUZUKI,WAGON R MH44S,2015,1
TATA,INDICA GLX XETA,2006,1
TOYOTA,COROLLA 110,2001,1
TOYOTA,SPRINTER VINTAGE,1997,1
TOYOTA,VITZ SAFETY CBG CAR,2016,1
SUZUKI,SPACIA TURBO,2018,1
SUZUKI,SPACIA G GRADE,2015,1
TOYOTA,VITZ KSP90,2010,1
SUZUKI,SPACIA CUSTOM Z SAFETY TURBO,2017,1
TOYOTA,VITZ KSP90,2012,1
TOYOTA,VITZ RS TURBO,2003,1
TOYOTA,VITZ SAFETY,2015,1
SUZUKI,SPACIA CUSTOM Z,2016,1
SUZUKI,SPACIA CUSTOM XS SAFETY,2018,1
SUZUKI,SPACIA CUSTOM XS,2018,1
SUZUKI,SPACIA CUSTOM TURBO,2015,1
SUZUKI,S-CROSS SX4,2018,1
TOYOTA,VITZ SAFETY EDITION 1,2017,1
TOYOTA,VITZ SAFETY PACK,2016,1
TOYOTA,VITZ SAFFTY EDITION 2,2018,1
TOYOTA,VITZ SCP 10,2001,1
TOYOTA,WAGON,1990,1
TOYOTA,WAGON KE72,1985,1
TOYOTA,WAGON R PIXIS MEGA,2018,1
TOYOTA,XE COROLLA 110,1999,1
TOYOTA,YARIS,2009,1
TOYOTA,YARIS,2014,1
TOYOTA,VITZ KSP90,2005,1
TOYOTA,VITZ KSP130 EDITION 2,2018,1
TOYOTA,VITZ KSP130 EDITION,2016,1
TOYOTA,VITZ KSP130 EDITION,2011,1
TOYOTA,VISTA CV30,1991,1
TOYOTA,VISTA CV30,1993,1
TOYOTA,VITZ 8,2008,1
TOYOTA,VITZ EDITION,2017,1
TOYOTA,VITZ EDITION 2,2015,1
TOYOTA,VITZ EDITION 2,2019,1
TOYOTA,VITZ EDITION 2 SAFETY,2018,1
TOYOTA,VITZ EDITION 3S,2019,1
TOYOTA,VITZ ILL,2012,1
TOYOTA,VITZ JEWELA,2015,1
TOYOTA,VITZ JEWELA,2016,1
TOYOTA,VITZ JEWELA,2018,1
TOYOTA,VITZ KSP 99,2007,1
TOYOTA,VITZ KSP130,2011,1
SUZUKI,SWIFT,2000,1
SUZUKI,SUZUKI,2018,1
TOYOTA,VITZ KSP130,2014,1
SUZUKI,SUZUKI,2006,1
SUZUKI,SUZUKI,1988,1
SUZUKI,SPACIA XS CUSTOM TURBO,2018,1
SUZUKI,SPACIA XS CUSTOM SAFETY EDITION,2018,1
SUZUKI,SOLIO BANDIT,2016,1
SUZUKI,MINI,1994,1
TOYOTA,VIOS JAPAN,2004,1
VOLVO,940,1995,1
SUZUKI,MARUTI 800 SPORT,2008,1
SUZUKI,MARUTI 800 EFI,2011,1
SUZUKI,MARUTI 800 EFI,2004,1
SUZUKI,MARUTI 800 EFI,2000,1
SUZUKI,MARUTI 800 AC,2005,1
VOLKSWAGEN,TIGUAN ALLSPACE,2018,1
VOLVO,740 GLE,1990,1
VOLVO,740 HEARSE,1995,1
VOLVO,850,1995,1
VOLVO,850,1996,1
VOLVO,940 GLE TURBO,1996,1
TOYOTA,YARIS ATIV G GRADE,2019,1
VOLVO,S40,1997,1
VOLVO,S40,2000,1
VOLVO,S40,2002,1
VOLVO,S40,2004,1
VOLVO,S70,2000,1
VOLVO,V70 HEARSE,2000,1
VOLVO,VOLVO,1996,1
WILLYS,AMERICAN WILLYS,1962,1
WILLYS,CJ7,1981,1
ZOTYE,ZOTYE,1999,1
SUZUKI,MARUTI 800 SPORT,2010,1
SUZUKI,MARUTI ALTO 800,2007,1
SUZUKI,MARUTI ALTO 800,2015,1
VOLKSWAGEN,POLO GT,2015,1
TOYOTA,YARIS G GRADE,2014,1
SUZUKI,MH44S WAGON R,2016,1
SUZUKI,MH 45,2014,1
SUZUKI,MARUTI ZEN ESTILO,2010,1
TOYOTA,YARIS VVTI,2012,1
VOLKSWAGEN,BEETLE,1969,1
SUZUKI,MARUTI ZEN,2003,1
SUZUKI,MARUTI ZEN,1996,1
SUZUKI,MARUTI SPORT,2012,1
SUZUKI,MARUTI OMNI,2011,1
SUZUKI,MARUTI EFL,2004,1
SUZUKI,MARUTI EFI 05 FORWARD,2002,1
SUZUKI,MARUTI EFI,2010,1
VOLKSWAGEN,JETTA,1987,1
VOLKSWAGEN,JETTA,2008,1
VOLKSWAGEN,JETTA,2016,1
VOLKSWAGEN,LEAF POLO E-UP,2019,1
VOLKSWAGEN,PASSAT,2006,1
VOLKSWAGEN,PASSAT,2010,1
VOLKSWAGEN,PASSAT 1.8,2001,1
VOLKSWAGEN,PASSAT B5.5 TURBO,2002,1
TOYOTA,VISTA,1992,1
TOYOTA,VIOS JAPAN,2003,1
TOYOTA,SPRINTER XE VINTAGE AE110,1997,1
SUZUKI,SWIFT KEI,2003,1
SUZUKI,SWIFT SPORTS,2004,1
SUZUKI,SWIFT RS TURBO ZC13S,2017,1
SUZUKI,SWIFT RS TURBO SAFETY,2019,1
TOYOTA,STARLET EP82 X LIMITED,1995,1
SUZUKI,SWIFT RS TURBO,2018,1
TOYOTA,STARLET EP91,1999,1
SUZUKI,SWIFT RS SPORT ZC72S,2012,1
SUZUKI,SWIFT LIANA,2006,1
SUZUKI,SWIFT KEI,2008,1
SUZUKI,SWIFT KEI,2004,1
SUZUKI,SWIFT JEEP MODEL,2005,1
TOYOTA,STARLET KP61,1984,1
SUZUKI,SWIFT JEEP MODEL,2004,1
SUZUKI,SWIFT JEEP MODEL,2002,1
SUZUKI,SWIFT JEEP,2003,1
SUZUKI,SWIFT JAPAN SPORT,2010,1
SUZUKI,SWIFT JAPAN,2012,1
TOYOTA,STARLET GT,1992,1
TOYOTA,STARLET GT,1993,1
SUZUKI,SWIFT JAPAN,2006,1
TOYOTA,STARLET GT,1995,1
TOYOTA,STARLET GT,1999,1
TOYOTA,STARLET EP82 X LIMITED,1993,1
SUZUKI,SWIFT VXI,2010,1
TOYOTA,STARLET EP82,1997,1
SUZUKI,SWIFT ZXI,2015,1
SUZUKI,WAGON R,2011,1
TOYOTA,STARLET,1982,1
TOYOTA,STARLET,1987,1
TOYOTA,STARLET,2000,1
TOYOTA,STARLET,2002,1
TOYOTA,STARLET EP71,1986,1
TOYOTA,STARLET EP71,1989,1
TOYOTA,STARLET EP71 GLANZA,1990,1
TOYOTA,STARLET EP71 TURBO,1985,1
TOYOTA,STARLET EP71XL,1989,1
TOYOTA,STARLET EP76,1988,1
TOYOTA,STARLET EP82,1991,1
TOYOTA,STARLET EP82,1992,1
SUZUKI,WAGON R,2002,1
SUZUKI,SX4 SEDEN,2010,1
SUZUKI,SX4 SEDAN,2010,1
SUZUKI,SX4 JAPAN,2011,1
SUZUKI,SX4 CROSS,2009,1
SUZUKI,SX4,2010,1
SUZUKI,SX4,2009,1
TOYOTA,STARLET EP82,1996,1
TOYOTA,STARLET GT TURBO,1995,1
TOYOTA,STARLET NP80,1990,1
TOYOTA,VIOS E GRADE,2004,1
TOYOTA,TOYOTA,1993,1
SUZUKI,SWIFT,2018,1
SUZUKI,SWIFT,2012,1
TOYOTA,TERCEL,1985,1
TOYOTA,TERCEL,1987,1
TOYOTA,TERCEL,1994,1
TOYOTA,TERCEL,1995,1
TOYOTA,TERCEL,1998,1
TOYOTA,TERCEL COROLLA,1997,1
TOYOTA,TOYOTA,1985,1
TOYOTA,TOYOTA,1986,1
TOYOTA,TOYOTA,1997,1
SUZUKI,SWIFT JAPAN,2003,1
TOYOTA,TOYOTA,1998,1
TOYOTA,TOYOTA,2000,1
TOYOTA,TOYOTA,2004,1
TOYOTA,TOYOTA,2016,1
TOYOTA,TOYOTO,1991,1
TOYOTA,TRUENO AE91,1987,1
TOYOTA,VEROSSA,2003,1
TOYOTA,VIOS,2011,1
TOYOTA,VIOS BELTA,2007,1
TOYOTA,VIOS BELTA YARIS BODY,2007,1
SUZUKI,SWIFT,2019,1
TOYOTA,TANK GT CUSTOM,2018,1
SUZUKI,SWIFT BEETLE,2007,1
SUZUKI,SWIFT BEETLE,2009,1
TOYOTA,STARLET NP80,1992,1
TOYOTA,STARLET NP90,1998,1
TOYOTA,STARLET NP90,1999,1
TOYOTA,STARLET NP90 GLANZA V,1997,1
TOYOTA,STARLET NP90 REFLET F,1997,1
SUZUKI,SWIFT JAPAN,1998,1
TOYOTA,SUNNY SUPER SALOON,1989,1
TOYOTA,SX 90,1996,1
TOYOTA,TANK,2016,1
SUZUKI,SWIFT DIZER,2010,1
SUZUKI,SWIFT CENTER ANTERNNA JEEP MODEL,2004,1
SUZUKI,SWIFT CENTER ANTENNA MODEL,2004,1
SUZUKI,SWIFT CENTER ANTENNA,2006,1
TOYOTA,TANK GS,2017,1
SUZUKI,SWIFT BEETLE SPECIAL EDITION,2010,1
SUZUKI,SWIFT BEETLE LIMITED EDITION,2004,1
SUZUKI,SWIFT BEETLE JAPAN,2006,1
SUZUKI,SWIFT BEETLE JAPAN,2005,1
SUZUKI,SWIFT BEETLE,2011,1
TOYOTA,TANK GS LIMITED,2017,1
SUZUKI,SWIFT BEETLE,2010,1
TOYOTA,STARLET GLANZA,1999,1
TOYOTA,AE110 SE SALOON,1997,1
TOYOTA,PREMIO,1998,1
TOYOTA,CALDINA,1996,1
TOYOTA,COROLLA DX,1996,1
TOYOTA,COROLLA DX EE96 AC PS PM,1989,1
TOYOTA,COROLLA DX KE72,1986,1
TOYOTA,COROLLA DX KE74,1986,1
TOYOTA,CAMRY,2002,1
TOYOTA,COROLLA DX WAGON,1986,1
TOYOTA,COROLLA DX WAGON,1996,1
TOYOTA,COROLLA DX WAGON EE106,1991,1
TOYOTA,COROLLA DX WAGON EE96,1989,1
TOYOTA,COROLLA DX WAGON EE98,1991,1
TOYOTA,CALDINA,1997,1
TOYOTA,BELTA SPC92,2012,1
TOYOTA,AXIO X GRADE,2013,1
TOYOTA,COROLLA DX WAGON KE72 HIGH ROOF,1985,1
TOYOTA,COROLLA DX WAGON KE74,1986,1
TOYOTA,COROLLA E80,1996,1
TOYOTA,COROLLA EE100R,1993,1
TOYOTA,COROLLA EE102,1997,1
TOYOTA,COROLLA EE110,1997,1
TOYOTA,BB,2008,1
TOYOTA,AXIO X LIMITED,2012,1
TOYOTA,COROLLA EE111,1997,1
TOYOTA,COROLLA EE111,2000,1
TOYOTA,COROLLA EE90,1988,1
TOYOTA,COROLLA DX,1994,1
TOYOTA,COROLLA DX,1991,1
TOYOTA,CAMRY,2011,1
TOYOTA,CAMRY,2013,1
TOYOTA,CARINA,2008,1
TOYOTA,CARINA,2006,1
TOYOTA,COROLLA CE106,1996,1
TOYOTA,COROLLA CE108,1998,1
TOYOTA,COROLLA CE110,1996,1
TOYOTA,COROLLA CE110,1999,1
TOYOTA,COROLLA CE110,2001,1
TOYOTA,CARINA,1993,1
TOYOTA,COROLLA CE110 L GRADE,1998,1
TOYOTA,CARINA,1990,1
TOYOTA,COROLLA CE96,1989,1
TOYOTA,COROLLA CE96 WAGON,1994,1
TOYOTA,CARINA,1987,1
TOYOTA,CARINA,1986,1
TOYOTA,COROLLA DX,1986,1
TOYOTA,CARINA,1984,1
TOYOTA,CARINA,1983,1
TOYOTA,CARIN AT192,1996,1
TOYOTA,CAMRY G LIMITED,2008,1
TOYOTA,CAMRY G LIMITED,2007,1
TOYOTA,CAMRY G GRADE,2011,1
TOYOTA,CAMRY CV30,1994,1
TOYOTA,CAMRY CV 30,1991,1
TOYOTA,COROLLA EE90,1990,1
TOYOTA,AXIO X GRADE,2010,1
TOYOTA,COROLLA CE100,1992,1
TOYOTA,COROLLA SAI,2010,1
TOYOTA,COROLLA KE70,1979,1
TOYOTA,COROLLA KE72,1983,1
TOYOTA,AXIO G,2012,1
TOYOTA,COROLLA KE72,1986,1
TOYOTA,COROLLA KE72,1988,1
TOYOTA,COROLLA KE72 DX WAGON,1989,1
TOYOTA,COROLLA KE74,1986,1
TOYOTA,COROLLA LIMITED,1993,1
TOYOTA,COROLLA LX,1997,1
TOYOTA,COROLLA NZE121,2002,1
TOYOTA,AXIO FIELDER WXB,2017,1
TOYOTA,AXIO FIELDER WXB,2015,1
TOYOTA,COROLLA EE96,1991,1
TOYOTA,COROLLA SPRINTER,2000,1
TOYOTA,COROLLA SPRINTER 110,1995,1
TOYOTA,COROLLA SPRINTER 110,1996,1
TOYOTA,AXIO FIELDER,2013,1
TOYOTA,COROLLA SPRINTER 110,1997,1
TOYOTA,AXIO 160,2013,1
TOYOTA,AXIO 141 G GRADE,2007,1
TOYOTA,AXIO 141,2010,1
TOYOTA,COROLLA WAGON,1995,1
TOYOTA,AXIO,2020,1
TOYOTA,COROLLA WAGON,1996,1
TOYOTA,COROLLA KE50,1976,1
TOYOTA,AXIO G GRADE,2006,1
TOYOTA,COROLLA KE 74,1985,1
TOYOTA,COROLLA GL WAGON EE 98 V,1991,1
TOYOTA,COROLLA EE96 DX WAGON,1988,1
TOYOTA,COROLLA EE98,1997,1
TOYOTA,COROLLA ELEPHANT BACK,1995,1
TOYOTA,AXIO X GRADE,2001,1
TOYOTA,COROLLA ELEPHANT BACK CE 108,1997,1
TOYOTA,AXIO WXB,2019,1
TOYOTA,COROLLA ELEPHANT BACK CE106,1996,1
TOYOTA,COROLLA ELEPHANT BACK EE103,1996,1
TOYOTA,COROLLA ELEPHANT BACK EE103,2000,1
TOYOTA,COROLLA ELEPHANT BACK EE105,1993,1
TOYOTA,AXIO S GRADE,2014,1
TOYOTA,AXIO LIMITED,2008,1
TOYOTA,AXIO HID EXTRA LIMITED,2012,1
TOYOTA,COROLLA ELEPHANT BACK G TOURING,1998,1
TOYOTA,AXIO G LIMITED,2007,1
TOYOTA,COROLLA ELEPHANT BACK WAGON,1996,1
TOYOTA,COROLLA FIELDER,2013,1
TOYOTA,AXIO G GRADE,2016,1
TOYOTA,COROLLA G EDITION,1991,1
TOYOTA,AXIO G GRADE,2014,1
TOYOTA,COROLLA G TOURING,2002,1
TOYOTA,AXIO G GRADE,2012,1
TOYOTA,AXIO G GRADE,2009,1
TOYOTA,CARINA 150,1989,1
TOYOTA,COROLLA CE 108 L EXTRA,1997,1
TOYOTA,COROLLA WAGON 103,1997,1
TOYOTA,COROLLA 2,1996,1
TOYOTA,COROLLA 121 LX LIMITED,2005,1
TOYOTA,COROLLA,1995,1
TOYOTA,COROLLA 121 LXI LIMITED,2003,1
TOYOTA,COROLLA,1994,1
TOYOTA,COROLLA 121 X,2002,1
TOYOTA,COROLLA 121 X,2003,1
TOYOTA,COROLLA 141,2011,1
TOYOTA,COROLLA 141 LX,2008,1
TOYOTA,COROLLA 141 LX LIMITED,2008,1
TOYOTA,COROLLA 2,1995,1
TOYOTA,COROLLA,1984,1
TOYOTA,COROLLA 2 1N TURBO,1988,1
TOYOTA,COROLLA AE100,1996,1
TOYOTA,CE110 XE SALOON,1997,1
TOYOTA,COROLLA 2 CORSA EL51,1997,1
TOYOTA,COROLLA 2 EL 31 CORSA,1989,1
TOYOTA,CE110 CRYSTAL LIGHT,1997,1
TOYOTA,CE110,1999,1
TOYOTA,CE110,1998,1
TOYOTA,COROLLA 2 STARLET MODIFIED,1993,1
TOYOTA,CE108,1997,1
TOYOTA,CE106 WAGON,2000,1
TOYOTA,CE106 COROLLA WAGON ELEPHANTBACK,2000,1
TOYOTA,CE106,1992,1
TOYOTA,COROLLA 121 LX,2005,1
TOYOTA,COROLLA 121 GLI,2001,1
TOYOTA,COROLLA 121 G TYPE,2002,1
TOYOTA,COROLLA 121 G GRADE NZE121,2001,1
TOYOTA,COROLLA 110 SPRINTER,2000,1
TOYOTA,COROLLA 110 SPRINTER,2001,1
TOYOTA,COROLLA 110 SPRINTER SE VINTAGE,1997,1
TOYOTA,COROLLA 110 XE SALOON,1996,1
TOYOTA,COROLLA 110 XE SALOON,1998,1
TOYOTA,COROLLA 111,1996,1
TOYOTA,COROLLA 111,2000,1
TOYOTA,COROLLA 110,1995,1
TOYOTA,COROLLA 108,1996,1
TOYOTA,COROLLA 106 WAGON ELEPHANT BACK,1993,1
TOYOTA,COROLLA 106 ELEPHANT BACK,2000,1
TOYOTA,COROLLA 102 ELEPHANT BACK,2000,1
TOYOTA,COROLLA,2011,1
TOYOTA,COROLLA 114,1998,1
TOYOTA,COROLLA 121,2007,1
TOYOTA,COROLLA,2006,1
TOYOTA,COROLLA 121 G,2001,1
TOYOTA,COROLLA 121 G,2002,1
TOYOTA,COROLLA,2002,1
TOYOTA,COROLLA 121 G,2004,1
TOYOTA,COROLLA 121 G GRADE,2002,1
TOYOTA,COROLLA 121 G GRADE,2004,1
TOYOTA,COROLLA,1998,1
TOYOTA,COROLLA 2 WINDY,1996,1
TOYOTA,COROLLA AE100 G TOURING,2001,1
TOYOTA,CARINA 170,1992,1
TOYOTA,CARINA AA60,1987,1
TOYOTA,COROLLA AE110 XE SALOON,1995,1
TOYOTA,COROLLA AE110 XE SALOON,1997,1
TOYOTA,COROLLA AE80,1985,1
TOYOTA,CARINA AT 192,1996,1
TOYOTA,CARINA AT 192,1994,1
TOYOTA,CARINA AT 170,1992,1
TOYOTA,CARINA AT 170,1991,1
TOYOTA,COROLLA AE81,1985,1
TOYOTA,CARINA AT 170,1989,1
TOYOTA,CARINA AT 150,1988,1
TOYOTA,CARINA AT 150,1985,1
TOYOTA,CARINA AA60,1986,1
TOYOTA,COROLLA AE100 LX LIMITED,1991,1
TOYOTA,COROLLA AE82 GT,1986,1
TOYOTA,CARINA AA60,1985,1
TOYOTA,CARINA AA60,1984,1
TOYOTA,COROLLA AE91,1987,1
TOYOTA,COROLLA AE91,1988,1
TOYOTA,CARINA 212 TI MYROAD,1998,1
TOYOTA,CARINA 212,1996,1
TOYOTA,COROLLA AE91,1989,1
TOYOTA,COROLLA AE91 SE LIMITED G,1991,1
TOYOTA,CARINA 192,1995,1
TOYOTA,CARINA 192,1994,1
TOYOTA,CARINA AT150,1987,1
TOYOTA,CARINA AT150,1989,1
TOYOTA,CARINA AT170,1988,1
TOYOTA,COROLLA AE110 SE LIMITED,2008,1
TOYOTA,COROLLA AE100 SE LIMITED,1992,1
TOYOTA,CARINATI MY ROAD CT 210,1997,1
TOYOTA,CARINA WAGON,1990,1
TOYOTA,CARINA TI MYROAD,2007,1
TOYOTA,CARINA TI MYROAD,1999,1
TOYOTA,CARINA TI MY ROAD AT212,1996,1
TOYOTA,COROLLA AE110,2000,1
TOYOTA,CARINA TI MY ROAD,1997,1
TOYOTA,CARINA TI 212,1998,1
TOYOTA,CARINA TI,1999,1
TOYOTA,CARINA SX AT192 ANNIVERSARY,1993,1
TOYOTA,CARINA L KA67V,1987,1
TOYOTA,COROLLA AE110,2003,1
TOYOTA,CARINA GT,2004,1
TOYOTA,CARINA ET176,1991,1
TOYOTA,COROLLA AE110 G GRADE,1997,1
TOYOTA,CARINA AT212 TI MY ROAD,1996,1
TOYOTA,CARINA AT192 SX,1993,1
TOYOTA,COROLLA AE110 L GRADE,2008,1
TOYOTA,COROLLA AE110 RIVIERE,1999,1
TOYOTA,CARINA AT170,1993,1
TOYOTA,CARINA AT170,1991,1
TOYOTA,CARINA AT170,1990,1
TOYOTA,COROLLA WAGON,2000,1
TOYOTA,COROLLA WAGON CE 108,1998,1
TOYOTA,PLATZ,1999,1
TOYOTA,ALLION,2005,1
TOYOTA,IST,2005,1
TOYOTA,ALLION,2017,1
TOYOTA,ALLION,2016,1
TOYOTA,IST,2006,1
TOYOTA,IST,2023,1
TOYOTA,ALLION,2012,1
TOYOTA,IST 110 G GRADE,2008,1
TOYOTA,IST NCP 60,2003,1
TOYOTA,KA72,1984,1
TOYOTA,KE 74 COROLLA,1986,1
TOYOTA,KE20,1970,1
TOYOTA,KE20,1980,1
TOYOTA,LEXUS 600HL,2007,1
TOYOTA,KE50,1980,1
TOYOTA,AK12,2002,1
TOYOTA,KE70,1981,1
TOYOTA,KE72,1982,1
TOYOTA,KE72 DX WAGON,1987,1
TOYOTA,KE72V DX WAGON,1985,1
TOYOTA,KE74 DX WAGON,1986,1
TOYOTA,LADA RIVA,1986,1
TOYOTA,AE81,1988,1
TOYOTA,AE81,1985,1
TOYOTA,AE80 COROLLA GL,1983,1
TOYOTA,GRACIA CAMRY,1999,1
TOYOTA,FIAT BRAVA STARLET ENGINE,1996,1
TOYOTA,EXY 10 SERA,1992,1
TOYOTA,EP82,1995,1
TOYOTA,EE 102 ELEPHANT BACK,1995,1
TOYOTA,EE 102 WAGON,1997,1
TOYOTA,ALLION 260,2019,1
TOYOTA,EE 90,1989,1
TOYOTA,EE100,1993,1
TOYOTA,EE107 WAGON G TOURING,1992,1
TOYOTA,EE111,1996,1
TOYOTA,EE90,1987,1
TOYOTA,EE96,1987,1
TOYOTA,EE96,1988,1
TOYOTA,ALLION 260,2012,1
TOYOTA,EE96 DX WAGON,1987,1
TOYOTA,ELEPHANT BACK,1994,1
TOYOTA,ELEPHANT BACK,1997,1
TOYOTA,ELEPHANT BACK,1998,1
TOYOTA,ELEPHANT BACK,1999,1
TOYOTA,ELEPHANT BACK 106,1997,1
TOYOTA,ALLION 240 G GRADE,2004,1
TOYOTA,ALLION 240 G GRADE,2003,1
TOYOTA,ELEPHANT BACK CE106,1992,1
TOYOTA,EP71 GT GLANZA,1988,1
TOYOTA,EP71 STARLET,1988,1
TOYOTA,EP82,1993,1
TOYOTA,LEVIN GT APEX,1993,1
TOYOTA,LEXUS 600HL,2011,1
TOYOTA,EC96,1991,1
TOYOTA,110,2002,1
TOYOTA,110 XE SALOON,1997,1
TOYOTA,110 SPRINTER,2000,1
TOYOTA,110 SPRINTER,1997,1
TOYOTA,110 SPRINTER,1996,1
TOYOTA,110 LIMITED,2000,1
TOYOTA,110 L GRADE LIMITED EDITION,1999,1
TOYOTA,110 L EMPEROR,2008,1
TOYOTA,PASSO,2014,1
TOYOTA,PASSO,2019,1
TOYOTA,110 111,1997,1
TOYOTA,110,2008,1
TOYOTA,PASSO BOON,2016,1
TOYOTA,LS130 CROWN,1995,1
TOYOTA,PASSO KGC 30 HANA,2010,1
TOYOTA,PASSO KGC10,2007,1
TOYOTA,PASSO MODA,2018,1
TOYOTA,PASSO MODA,2020,1
TATA,TATA,2005,1
TATA,NANO TWIST,2017,1
TOYOTA,PASSO RACY,2009,1
TOYOTA,PASSO SAFETY EDITION,2016,1
TOYOTA,PIXIS,2018,1
TATA,NANO CX,2012,1
TOYOTA,PIXIS EPOCH,2018,1
TOYOTA,121 G,2002,1
TOYOTA,NZE240 ALLION,2003,1
TOYOTA,141 GLI,2011,1
TOYOTA,AA60,1982,1
TOYOTA,MARINO,1992,1
TOYOTA,MARINO,1995,1
TOYOTA,MARK 2,1997,1
TOYOTA,AE80,1988,1
TOYOTA,AE80,1987,1
TOYOTA,AE80,1983,1
TOYOTA,AE111,1999,1
TOYOTA,AE110 SPRINTER,1997,1
TOYOTA,AE110 SE SALOON VINTAGE,1996,1
TOYOTA,COROLLA 110 L GRADE,1999,1
TOYOTA,AE100 SPRINTER,1995,1
TOYOTA,MARK 2,2004,1
TOYOTA,AE100 SPRINTER,1991,1
TOYOTA,AE100 SE LIMITED,1995,1
TOYOTA,AE100 SALOON,1995,1
TOYOTA,MARK 2 GX110,2000,1
TOYOTA,AE100 LIMITED EDITION,1997,1
TOYOTA,AE100 EE101,1991,1
TOYOTA,AE00 SPRINTER,1992,1
TOYOTA,AA60,1986,1
TOYOTA,AA60,1985,1
TOYOTA,MARK 2 GX110 ANNIVERSARY,2001,1
TOYOTA,NZE121,2000,1
TOYOTA,ALLION 260 A18,2007,1
TOYOTA,ALLION 260 G,2008,1
TOYOTA,COROLLA WAGON CE100,1997,1
TOYOTA,AT 150,1990,1
TOYOTA,CORONA CT 170,1989,1
TOYOTA,CORONA CT 170,1994,1
TOYOTA,CORONA CT 190,1993,1
TOYOTA,CORONA CT 190,1994,1
TOYOTA,CORONA CT 190 JDM,1994,1
TOYOTA,AT170,1989,1
TOYOTA,AT150,1987,1
TOYOTA,CORONA CT190,1992,1
TOYOTA,CORONA CT190,1994,1
TOYOTA,CORONA ET176V,1991,1
TOYOTA,AT 170,1992,1
TOYOTA,CORONA GX SALOON,1991,1
TOYOTA,AQUA S GRADE LIMITED,2013,1
TOYOTA,AQUA X,2015,1
TOYOTA,AQUA URBAN S LIMITED,2015,1
TOYOTA,AQUA URBAN LIMITED,2015,1
TOYOTA,CORONA PREMIO,2001,1
TOYOTA,CORONA PREMIO 1 8,1999,1
TOYOTA,CORONA PREMIO AT211,1999,1
TOYOTA,CORONA RX10,1972,1
TOYOTA,CORSA,1985,1
TOYOTA,CORSA,1986,1
TOYOTA,AQUA S LIMITED EDITION,2012,1
TOYOTA,CORSA,1987,1
TOYOTA,CORONA AT170,1991,1
TOYOTA,CORONA AT170,1990,1
TOYOTA,AT170 CORONA,1989,1
TOYOTA,AURIS,2007,1
TOYOTA,COROLLA WAGON EE96,1992,1
TOYOTA,COROLLA WAGON ELEPHANT BACK,2000,1
TOYOTA,COROLLA WAGON ELEPHANTBACK,2000,1
TOYOTA,COROLLA XE SALOON,1991,1
TOYOTA,COROLLANZE121 G GRADE,2001,1
TOYOTA,CORONA,1977,1
TOYOTA,CORONA,1988,1
TOYOTA,AXIO,2012,1
TOYOTA,CORONA,1990,1
TOYOTA,CORONA,1998,1
TOYOTA,AVANZA G GRADE,2008,1
TOYOTA,CORONA,2000,1
TOYOTA,CORONA 190,1992,1
TOYOTA,CORONA 190,1993,1
TOYOTA,CORONA AE170,1989,1
TOYOTA,AVANZA BODY,2012,1
TOYOTA,CORONA AT 150,1984,1
TOYOTA,CORONA AT 170,1989,1
TOYOTA,CORONA AT 190,1995,1
TOYOTA,AVANZA,2010,1
TOYOTA,AVANZA,2009,1
TOYOTA,CORONA AT150,1985,1
TOYOTA,CORONA AT150,1987,1
TOYOTA,CORSA,1992,1
TOYOTA,CORSA,2000,1
TOYOTA,E96,1989,1
TOYOTA,DX KE72,1985,1
TOYOTA,DX 72,1985,1
TOYOTA,ALPHARD,2015,1
TOYOTA,ALLION NZT260,2012,1
TOYOTA,ALLION NZT260,2007,1
TOYOTA,ALLION NZT240 ANNIVERSARY,2006,1
TOYOTA,ALLION NZE240,2003,1
TOYOTA,DX COROLLA KE72 WAGON,1985,1
TOYOTA,DX COROLLA WAGON,1984,1
TOYOTA,ALLION G,2013,1
TOYOTA,ALLION ANNIVERSARY,2007,1
TOYOTA,ALLION A15,2007,1
TOYOTA,ALLION 260G REAR WIPER,2011,1
TOYOTA,CORSA COROLLA 2,1999,1
TOYOTA,ALLION 260G LIMITED,2013,1
TOYOTA,ALLION 260 NZT,2007,1
TOYOTA,ALLION 260 G PLUS,2016,1
TOYOTA,DX KE72,2016,1
TOYOTA,DX WAGON,1982,1
TOYOTA,ALLION 260 G LIMITED,2013,1
TOYOTA,ALLION 260 G GRADE,2011,1
TOYOTA,DX WAGON,1994,1
TOYOTA,DX WAGON KE72,1983,1
TOYOTA,DX WAGON KE72,1985,1
TOYOTA,E AE91 COROLLA,1990,1
TOYOTA,DX,1988,1
TOYOTA,DX,1985,1
TOYOTA,DUET M100,1999,1
TOYOTA,DUET,2002,1
TOYOTA,CORSA HATCH BACK,1987,1
TOYOTA,CROWN,1981,1
TOYOTA,AQUA S,2012,1
TOYOTA,AQUA LIMITED EDITION,2013,1
TOYOTA,AQUA LIMITED EDITION,2012,1
TOYOTA,CROWN,2007,1
TOYOTA,AQUA GS,2015,1
TOYOTA,AQUA G LIMITED,2017,1
TOYOTA,AQUA G LIMITED,2014,1
TOYOTA,CROWN,2008,1
TOYOTA,CROWN,2015,1
TOYOTA,CROWN LS110,1982,1
TOYOTA,AQUA G,2015,1
TOYOTA,CROWN MS132,1988,1
TOYOTA,AQUA G,2014,1
TOYOTA,CT 190 CORONA,1993,1
TOYOTA,CT170,1990,1
TOYOTA,CT170,1991,1
TOYOTA,CV30,1991,1
TOYOTA,CV30 VISTA,1991,1
TOYOTA,AQUA,2018,1
TOYOTA,CYNOS,1992,1
TOYOTA,DOLPHIN LH113,1994,1
AUDI,A1,2016,1
NISSAN,SUPER SALOON,2011,1
SUZUKI,MARUTI 800,2003,1
MAZDA,DEMIO JAPAN,2009,1
MAZDA,BJ5P,2003,1
MAZDA,BUTTERFLY,1997,1
MAZDA,CIVIC TECH PACK ESEAT,2018,1
MAZDA,DEMIO,1997,1
MAZDA,DEMIO,2004,1
MAZDA,DEMIO,2005,1
MAZDA,DEMIO DW5W GE-,1997,1
MAZDA,EUNOS 100 ASTINA,1992,1
MAZDA,BJ3P JAPAN,2000,1
MAZDA,FAMILIA,1985,1
MAZDA,FAMILIA,1998,1
MAZDA,FAMILIA,1999,1
MAZDA,FAMILIA,2003,1
MAZDA,FAMILIA,2004,1
MAZDA,FAMILIA 323,1988,1
MAZDA,FAMILIA 323,1992,1
MAZDA,BJ5P,2001,1
MAZDA,BH3,1990,1
MAZDA,FAMILIA 323,2000,1
MAZDA,323,1998,1
MAZDA,3,2004,1
MAZDA,3,2006,1
MAZDA,3,2008,1
MAZDA,3,2012,1
MAZDA,3,2015,1
MAZDA,323,1987,1
MAZDA,323,1988,1
MAZDA,323,2000,1
MAZDA,BF3P,1991,1
MAZDA,323,2001,1
MAZDA,6,2013,1
MAZDA,6,2015,1
MAZDA,AXELA,2002,1
MAZDA,AXELA,2014,1
MAZDA,BF,1988,1
MAZDA,BF3 FAMILIA HATCHBACK,1987,1
MAZDA,FAMILIA 323,1996,1
MAZDA,FAMILIA 323 BF,1988,1
MAHINDRA,MAHINDRA,2022,1
MERCEDES-BENZ,-123,1987,1
MAZDA,RX-8 SERIES 2,2008,1
MAZDA,TRIBUTE,2001,1
MAZDA,WAGON,1985,1
MAZDA,WAGON,1989,1
MAZDA,WAGON,1990,1
MAZDA,WAGON R,2015,1
MAZDA,WAGON R FLAIR,2018,1
MERCEDES-BENZ,-CLA 180 AMG,2017,1
MAZDA,RX-8,2009,1
MERCEDES-BENZ,123,1984,1
MERCEDES-BENZ,190 D,1985,1
MERCEDES-BENZ,200D,1978,1
MERCEDES-BENZ,250,1988,1
MERCEDES-BENZ,280S,1984,1
MERCEDES-BENZ,C CLASS C180 PREMIUM,2016,1
MERCEDES-BENZ,C180,2003,1
MAZDA,RX-8,2018,1
MAZDA,RX-8,2005,1
MAZDA,FAMILIA 323 BJ5W,2002,1
MAZDA,FAMILLA BF3,1989,1
MAZDA,FAMILIA BF,1986,1
MAZDA,FAMILIA BG3P,1991,1
MAZDA,FAMILIA BG5P,1990,1
MAZDA,FAMILIA BJ5,2001,1
MAZDA,FAMILIA BJ5P,1998,1
MAZDA,FAMILIA DX,1992,1
MAZDA,FAMILIA SEDAN,1993,1
MAZDA,FLAIR,2015,1
MAZDA,RX-8,2004,1
MAZDA,FLAIR,2016,1
MAZDA,MAZDA,1994,1
MAZDA,MAZDA,2000,1
MAZDA,MAZDA,2002,1
MAZDA,MR 90,1994,1
MAZDA,MR 90,1995,1
MAZDA,MR 90 JAPAN,1994,1
MAZDA,2 SKYACTIVE,2016,1
MAHINDRA,KV100,2022,1
MERCEDES-BENZ,C180,2009,1
HYUNDAI,SONATA GLS,2000,1
HYUNDAI,SANTRO,2004,1
HYUNDAI,SANTRO,2005,1
HYUNDAI,SANTRO XP,2005,1
HYUNDAI,SONATA,1999,1
HYUNDAI,SONATA,2012,1
HYUNDAI,SONATA,2013,1
HYUNDAI,SONATA GL5,1990,1
HYUNDAI,SONATA H MATIC,2002,1
HYUNDAI,MATRIX GL,2001,1
HYUNDAI,SONATA H MATIC,2005,1
HYUNDAI,SONATA H-MATIC,2001,1
HYUNDAI,SONATA XG30 SPECIAL LIMITED,2004,1
HYUNDAI,STELLAR,1984,1
HYUNDAI,STELLAR,1987,1
HYUNDAI,TRAJET,2021,1
HYUNDAI,ZIP PLUS,2003,1
HYUNDAI,MATRIX GLS,2001,1
HYUNDAI,MATRIX,2003,1
ISUZU,GEMINI,1986,1
HYUNDAI,EON MAGNA PLUS,2014,1
HYUNDAI,ELANTRA,2013,1
HYUNDAI,ELANTRA,2014,1
HYUNDAI,ELANTRA GLS,2001,1
HYUNDAI,ELANTRA XD,2004,1
HYUNDAI,EON,2014,1
HYUNDAI,EON,2018,1
HYUNDAI,EON MAGNA,2015,1
HYUNDAI,EXCEL,1993,1
HYUNDAI,HYUNDAI,1993,1
HYUNDAI,EXCEL,1999,1
HYUNDAI,GETZ,2003,1
HYUNDAI,GETZ,2006,1
HYUNDAI,GRAND I10,2017,1
HYUNDAI,GRAND I10,2018,1
HYUNDAI,HMATIC,2002,1
HYUNDAI,HYUNDAI,1992,1
ISUZU,ASKA,1984,1
ISUZU,GEMINI JT600,1987,1
LEXUS,NX 300H,2015,1
KIA,RIO RS,2007,1
KIA,PRIDE,1999,1
KIA,RIO,2005,1
KIA,RIO,2007,1
KIA,RIO,2009,1
KIA,RIO,2021,1
KIA,RIO LS,2001,1
KIA,RIO LX,2004,1
KIA,SEPHIA,1999,1
KIA,PICANTO,2012,1
KIA,SHEPHIA,2002,1
KIA,SPARTA,2004,1
KIA,SPECTRA 16M,2002,1
KIA,SPECTRA GLS,2001,1
LAND-ROVER,DEFENDER 110,2006,1
LEXUS,CT200H,2012,1
LEXUS,HS250,2013,1
KIA,PICANTO SPORT,2016,1
KIA,PICANTO,2011,1
ISUZU,JT 641,1992,1
KIA,CARENS,2000,1
ISUZU,JT600 GEMINI,1989,1
JAC,T9 4X4,2024,1
JAGUAR,S TYPE,2004,1
JAGUAR,X TYPE,2003,1
JAGUAR,X TYPE,2008,1
JEEP,AMERICAN WILLYS,1962,1
JONWAY,A380,2012,1
KIA,CARENS,2001,1
KIA,PICANTO,2006,1
KIA,CERATO,2005,1
KIA,KIA,2005,1
KIA,MENTOR JAPAN,2000,1
KIA,MENTOR JAPAN,2001,1
KIA,MENTOR SPECTRA,2001,1
KIA,OPTIMA,2011,1
KIA,PICANTO,2004,1
MERCEDES-BENZ,C180,2008,1
MERCEDES-BENZ,C180,2016,1
MITSUBISHI,COLT,2004,1
MICRO,MARK 2,2014,1
MG,6,2014,1
MG,MG6,2014,1
MICRO,AMBASSADOR,2003,1
MICRO,BAIC D20 SEDAN,2018,1
MICRO,BAIC X25,2018,1
MICRO,EMGRAND EC7,2015,1
MICRO,GEELY,2009,1
MICRO,MICRO,2012,1
MERCEDES-BENZ,WDB201,1985,1
MICRO,MX7,2007,1
MICRO,MX7 MARK 2,2015,1
MICRO,PANDA,2000,1
MICRO,PANDA 1.0,2013,1
MICRO,PANDA 1.0,2017,1
MICRO,PANDA CROSS,2018,1
MICRO,PANDA CROSS KT,2012,1
MG,4 TROPHY,2023,1
MERCEDES-BENZ,W211 E240,2002,1
MICRO,PANDA L C1.0,2014,1
MERCEDES-BENZ,W202 C180 ELEGANCE,1996,1
MERCEDES-BENZ,W 126 S CLASS 280 S,1989,1
MERCEDES-BENZ,W115,1975,1
MERCEDES-BENZ,W115,1979,1
MERCEDES-BENZ,W123,1978,1
MERCEDES-BENZ,W123,1979,1
MERCEDES-BENZ,W123,1982,1
MERCEDES-BENZ,W202,1997,1
MERCEDES-BENZ,W202 C200 AMG SPORT,1994,1
MERCEDES-BENZ,W211,2004,1
MERCEDES-BENZ,W202 C220,1995,1
MERCEDES-BENZ,W203,2001,1
MERCEDES-BENZ,W203 C180 ELEGANCE,2002,1
MERCEDES-BENZ,W203 C220 CDI,2001,1
MERCEDES-BENZ,W205,2015,1
MERCEDES-BENZ,W210 E 320,1998,1
MERCEDES-BENZ,W210 E240,1999,1
MICRO,PANDA L,2016,1
MICRO,PANDA LC,2012,1
MERCEDES-BENZ,W 124 AMG,1989,1
MITSUBISHI,C12,1990,1
MINI,MORISS,1965,1
MINI,MORRIS COOPER,1969,1
MITSUBISHI,4DR5 J24,1980,1
MITSUBISHI,ATTRAGE,2016,1
MITSUBISHI,C12,1984,1
MITSUBISHI,C12,1986,1
MITSUBISHI,C12,1987,1
MITSUBISHI,C12 HATCHBACK,1985,1
MINI,COOPER SPORT TWIN TURBO,2019,1
MITSUBISHI,C12V,1985,1
MITSUBISHI,CB2,1994,1
MITSUBISHI,CB8,1992,1
MITSUBISHI,CK2,1996,1
MITSUBISHI,CK2A,1999,1
MITSUBISHI,COLT,1969,1
MITSUBISHI,COLT,1979,1
MINI,MINER,1968,1
MINI,COOPER S TURBO,2007,1
MICRO,PANDA LC 1.0,2012,1
MICRO,VOLEEX C10,2013,1
MICRO,PANDA LC 1.0,2017,1
MICRO,PANDA LG,2016,1
MICRO,PANDA SPORTS,2018,1
MICRO,PRIVILEGE,2004,1
MICRO,TREND,2006,1
MICRO,TREND,2008,1
MICRO,TREND,2013,1
MICRO,X25,2018,1
MINI,COOPER,1999,1
MINI,COOPER,1965,1
MINI,COOPER,1967,1
MINI,COOPER,1969,1
MINI,COOPER,1988,1
MINI,COOPER,1990,1
MINI,COOPER,1997,1
MINI,COOPER,1998,1
MERCEDES-BENZ,W 126,1989,1
MERCEDES-BENZ,SLK200,2013,1
MERCEDES-BENZ,C180 AMG LINE,2017,1
MERCEDES-BENZ,C220D,2012,1
MERCEDES-BENZ,C200 PREMIUM PLUS,2019,1
MERCEDES-BENZ,C200 PREMIUM PLUS,2020,1
MERCEDES-BENZ,C200 W 203,2002,1
MERCEDES-BENZ,C220,2012,1
MERCEDES-BENZ,C220,2013,1
MERCEDES-BENZ,C220 CDI W204,2013,1
MERCEDES-BENZ,C220 ELEGANCE,1994,1
MERCEDES-BENZ,C300,2014,1
MERCEDES-BENZ,C200 COUPE SPORT,2001,1
MERCEDES-BENZ,C350,2016,1
MERCEDES-BENZ,C350E,2016,1
MERCEDES-BENZ,C350E PREMIUM SPORT PLUS,2016,1
MERCEDES-BENZ,CLA 180 AMG,2017,1
MERCEDES-BENZ,CLA 180 AMG PREMIUM,2019,1
MERCEDES-BENZ,CLA 200,2019,1
MERCEDES-BENZ,CLA 200 AMG,2015,1
MERCEDES-BENZ,C200 PREMIUM PLUS,2018,1
MERCEDES-BENZ,C200 AVANTGARDE,2007,1
MERCEDES-BENZ,CLA 200 AMG PREMIUM,2014,1
MERCEDES-BENZ,C200,2006,1
MERCEDES-BENZ,C180 BLUEEFFICIENCY,2011,1
MERCEDES-BENZ,C180 COMPASSURE,2011,1
MERCEDES-BENZ,C180 LIMOUSINE,2016,1
MERCEDES-BENZ,C180 M271 REG,2009,1
MERCEDES-BENZ,C180 W203,2002,1
MERCEDES-BENZ,C180AMG,2010,1
MERCEDES-BENZ,C200,2001,1
MERCEDES-BENZ,C200,2008,1
MERCEDES-BENZ,C200 AMG PREMIUM PLUS,2020,1
MERCEDES-BENZ,C200,2020,1
MERCEDES-BENZ,C200 AMG,2015,1
MERCEDES-BENZ,C200 AMG,2018,1
MERCEDES-BENZ,C200 AMG CABRIOLET,2016,1
MERCEDES-BENZ,C200 AMG PREMIUM,2018,1
MERCEDES-BENZ,C200 AMG PREMIUM PLUS,2018,1
MERCEDES-BENZ,C200 AMG PREMIUM PLUS,2019,1
MERCEDES-BENZ,CLA 200 AMG EDITION,2014,1
MERCEDES-BENZ,E200,1988,1
MERCEDES-BENZ,SLK 200,2015,1
MERCEDES-BENZ,ELEGANCE,2010,1
MERCEDES-BENZ,E300 BLUETEC,2015,1
MERCEDES-BENZ,E300 BLUETEC AMG,2013,1
MERCEDES-BENZ,E300 BLUETECH-HYBRID,2015,1
MERCEDES-BENZ,E300 BLUTEC,2015,1
MERCEDES-BENZ,E350 AMG PREMIUM PLUS,2017,1
MERCEDES-BENZ,E350E,2017,1
MERCEDES-BENZ,E350E,2018,1
MERCEDES-BENZ,S320,2001,1
MERCEDES-BENZ,E250,1998,1
MERCEDES-BENZ,S320 LWB,2004,1
MERCEDES-BENZ,S350,2004,1
MERCEDES-BENZ,S350,2005,1
MERCEDES-BENZ,S350,2011,1
MERCEDES-BENZ,S350 W220,2004,1
MERCEDES-BENZ,S400 LONG WHEEL BASE,2015,1
MERCEDES-BENZ,SEL300,1988,1
MERCEDES-BENZ,E300 AMG,2014,1
MERCEDES-BENZ,E240 ELEGANCE,2003,1
MERCEDES-BENZ,E200,1998,1
MERCEDES-BENZ,E200 W 212,2010,1
MERCEDES-BENZ,E200,2003,1
MERCEDES-BENZ,E200,2013,1
MERCEDES-BENZ,E200,2016,1
MERCEDES-BENZ,E200,2017,1
MERCEDES-BENZ,E200 AVANTGARDE,2010,1
MERCEDES-BENZ,E200 KOMPRESSOR,2002,1
MERCEDES-BENZ,E200 PREMIUM,2015,1
MERCEDES-BENZ,E200 W210,1997,1
MERCEDES-BENZ,E240 AMG,2004,1
MERCEDES-BENZ,E200 W212,2010,1
MERCEDES-BENZ,E220,2013,1
MERCEDES-BENZ,E220,2015,1
MERCEDES-BENZ,E220 CDI,2006,1
MERCEDES-BENZ,E220 CDI,2017,1
MERCEDES-BENZ,E230,2008,1
MERCEDES-BENZ,E240,2003,1
HYUNDAI,ELANTRA,2010,1
HYUNDAI,ELANTRA,2009,1
HYUNDAI,ELANTRA,2002,1
DAEWOO,NUBIRA,2002,1
DAEWOO,LANOS,2002,1
DAEWOO,LEGANZA,2000,1
DAEWOO,LEGANZA,2002,1
DAEWOO,MATIZ,1999,1
DAEWOO,MATIZ,2001,1
DAEWOO,NUBIRA,1999,1
DAEWOO,NUBIRA,2000,1
DAEWOO,RACER,1994,1
DAEWOO,ESPERO GLXI KOREA,2001,1
DAEWOO,RACER,1995,1
DAEWOO,RACER GTI SPORT,1994,1
DAIHATSU,BOOM,2004,1
DAIHATSU,CHARADE,1991,1
DAIHATSU,CHARADE,1996,1
DAIHATSU,CHARADE,2006,1
DAIHATSU,CHARADE G100,1991,1
DAEWOO,KALOS,2003,1
DAEWOO,DAEWOO,1996,1
DAIHATSU,CHARADE G200S,1997,1
CHEVROLET,CRUZE GM,2003,1
CHERY,CHERY,2015,1
CHERY,QQ,2017,1
CHERY,QQ 308,2006,1
CHERY,QQ 308,2011,1
CHEVROLET,AVEO,2007,1
CHEVROLET,AVEO UVA LT,2007,1
CHEVROLET,BEAT,2011,1
CHEVROLET,CRUZE GM,2004,1
DAEWOO,DAEWOO,1987,1
CHEVROLET,CRUZE GM LIMITED,2004,1
CHEVROLET,CRUZE JAPAN GM SPORT,2004,1
CHEVROLET,SPORT,2012,1
CHEVROLET,UVA AVEO LT,2007,1
CHEVROLET,UVA HACHBACK,2008,1
CITROEN,E-C4,2024,1
DAEWOO,CIELO,1996,1
DAIHATSU,CHARADE G11,1985,1
DAIHATSU,CHARMANT,1985,1
BMW,MINI COORPER,2015,1
DATSUN,B110,1972,1
DAIHATSU,MOVE,2011,1
DAIHATSU,MOVE,2017,1
DAIHATSU,MOVE JAPAN,2017,1
DAIHATSU,SPORT,1987,1
DAIHATSU,TANK,2019,1
DAIHATSU,TANTO,2017,1
DAIHATSU,YRV,2003,1
DATSUN,B2 10,1979,1
DAIHATSU,MIRA JAPAN,2003,1
DATSUN,B310,1980,1
FIAT,127,1979,1
FIAT,127,1980,1
FIAT,128,1977,1
FIAT,BRAVO,2004,1
FIAT,LINEA,2012,1
FIAT,LINEA,2016,1
DAIHATSU,MOVE,2006,1
DAIHATSU,MIRA GINO SPECIAL EDITION,2001,1
DAIHATSU,COPEN,2015,1
DAIHATSU,MINI HUMMER,2009,1
DAIHATSU,COPEN X PLAY,2015,1
DAIHATSU,CUORE,1991,1
DAIHATSU,CUORE,1994,1
DAIHATSU,CUOREMIRA,1997,1
DAIHATSU,DAIHATSU,1982,1
DAIHATSU,G101S,1994,1
DAIHATSU,JAPAN,1996,1
DAIHATSU,MIRA,1987,1
DAIHATSU,MIRA ES SAFETY,2018,1
DAIHATSU,MIRA,1994,1
DAIHATSU,MIRA,1996,1
DAIHATSU,MIRA,2002,1
DAIHATSU,MIRA,2004,1
DAIHATSU,MIRA,2019,1
DAIHATSU,MIRA,2024,1
DAIHATSU,MIRA ES,2018,1
BYD,SEAL,2024,1
BMW,MINI COOPER S,2007,1
HYUNDAI,COUPE,2000,1
AUSTIN,MINI COOPER,1960,1
AUDI,A6 S LINE,2016,1
AUDI,A6 T1.8,2004,1
AUDI,A6 TFSI,2017,1
AUDI,Q4,2024,1
AUSTIN,CAMBRIDGE,1960,1
AUSTIN,COOPER S,1998,1
AUSTIN,MINI,1960,1
AUSTIN,MINI COOPER,1970,1
AUDI,A6,2012,1
AUSTIN,MINI COOPER,1995,1
AUSTIN,MORRIS MINI COOPER,1961,1
BMW,116I,2013,1
BMW,316I,2014,1
BMW,316I E30,1990,1
BMW,316I SPORTS,2015,1
BMW,318I,2017,1
AUDI,A6 S LINE,2010,1
AUDI,A6,2011,1
BMW,318I LUXURY LINE,2018,1
AUDI,A4,2019,1
AUDI,A1 RS,2016,1
AUDI,A3 S-LINE,2018,1
AUDI,A3 TFSI,2018,1
AUDI,A4,1999,1
AUDI,A4,2001,1
AUDI,A4,2003,1
AUDI,A4,2016,1
AUDI,A4 1.9 TDI,2001,1
AUDI,A6,2003,1
AUDI,A4 B8,2011,1
AUDI,A4 RS4 CONVERSION,2012,1
AUDI,A4 S LINE,2010,1
AUDI,A4 S LINE,2016,1
AUDI,A5,2014,1
AUDI,A5,2018,1
AUDI,A6,2001,1
BMW,318I,2018,1
BMW,318I M SPORT AUSTRALIAN,2018,1
BMW,MINI COOPER,2020,1
BMW,E46 318I,2002,1
BMW,740LE M SPORT,2016,1
BMW,DE90,2011,1
BMW,E 30,1988,1
BMW,E 36 318I,1993,1
BMW,E30 316I,1991,1
BMW,E34,1990,1
BMW,E39,2002,1
BMW,E46 320D,2000,1
BMW,730IL,2011,1
BMW,E60 530I,2004,1
BMW,G30 530I,2017,1
BMW,I8 COUPE,2018,1
BMW,LUXURY LINE,2017,1
BMW,M SPORT,2018,1
BMW,M2351,2014,1
BMW,M5 4400,2012,1
BMW,730L ACTIVEHYBRID 7,2014,1
BMW,730 LI,2006,1
BMW,318I M SPORT SHADOW,2018,1
BMW,430I GRAN COUPE,2017,1
BMW,318I MSPORT,2017,1
BMW,318I SHADOW EDITION,2018,1
BMW,320D,2000,1
BMW,320D SPORTS,2013,1
BMW,320I E90,2006,1
BMW,320I E90,2010,1
BMW,420D,2015,1
BMW,520,2012,1
BMW,535I,2011,1
BMW,520D,2015,1
BMW,520D 3 OPTION,2013,1
BMW,520D M SPORT,2015,1
BMW,520D MSPORT,2012,1
BMW,520I,2005,1
BMW,525 E,1974,1
BMW,530I M SPORT,2017,1
FIAT,LINEA G,2011,1
FIAT,PUNTO,2004,1
FIAT,PUNTO,2008,1
HONDA,FIT GP5 L GRADE SAFETY EDITION,2014,1
HONDA,FIT GP1 SHES GOLD BATCH,2012,1
HONDA,FIT GP4 RS MUGAN,2015,1
HONDA,FIT GP5,2018,1
HONDA,FIT GP5,2024,1
HONDA,FIT GP5 F GRADE,2015,1
HONDA,FIT GP5 G GRADE,2015,1
HONDA,FIT GP5 L,2013,1
HONDA,FIT GP5 L SENSING,2017,1
HONDA,FIT GP1 10TH ANNIVERSARY,2011,1
HONDA,FIT GP5 S GRADE SAFETYPACK,2015,1
HONDA,FIT GP5 S GREAT SAFETY,2015,1
HONDA,FIT GP5 S SAFETY,2013,1
HONDA,FIT GP5 S SAFETY,2015,1
HONDA,FIT GP5 SAFETY,2015,1
HONDA,FIT GP5 SENSING,2018,1
HONDA,FIT GP5S GRADE,2014,1
HONDA,FIT GP1 NAVI PREMIUM,2010,1
HONDA,FIT GE6,2010,1
HONDA,FIT S GRADE,2016,1
HONDA,FD1,2007,1
HONDA,CIVIC SEDAN 1.6 JAPAN,2016,1
HONDA,CIVIC SR VTEC CVT,2017,1
HONDA,CIVIC TECH PACK UK,2018,1
HONDA,CIVIC TECHPACK,2019,1
HONDA,DEA-GJ1,2007,1
HONDA,DELSOL,1992,1
HONDA,ES1,2002,1
HONDA,FD3,2008,1
HONDA,FIT GE 6,2009,1
HONDA,FIT,2007,1
HONDA,FIT,2011,1
HONDA,FIT ARIA,2006,1
HONDA,FIT ARIA GD 9,2008,1
HONDA,FIT ARIA GD8,2003,1
HONDA,FIT GD1,2005,1
HONDA,FIT GD1,2008,1
HONDA,FIT GPS,2013,1
HONDA,FIT SHUTTLE GP2,2012,1
FIAT,PUNTO SX,1998,1
HYUNDAI,ACCENT,2011,1
HONDA,S660 ALPHA,2016,1
HONDA,SHUTTLE GB7,2015,1
HONDA,SHUTTLE GP7,2015,1
HONDA,SPIKE GP2,2012,1
HONDA,STARLET 90 LIMITED,1996,1
HONDA,VTEC 4A,2001,1
HYUNDAI,ACCENT,2005,1
HYUNDAI,ACCENT,2012,1
HONDA,N-BOX,2016,1
HYUNDAI,ACCENT,2015,1
HYUNDAI,ACCENT GEAR,2000,1
HYUNDAI,ACCENT GLM,2000,1
HYUNDAI,ACCENT GLS,2001,1
HYUNDAI,ACCENT GLS,2007,1
HYUNDAI,ACCENT JAPAN,2007,1
HYUNDAI,ATOS,2002,1
HONDA,NBOX,2015,1
HONDA,N BOX CUSTOM TURBO,2018,1
HONDA,FIT SHUTTLE GP7,2015,1
HONDA,HONDA,1988,1
HONDA,FIT SHUTTLE GP7,2017,1
HONDA,GRACE,2018,1
HONDA,GRACE EX GRADE,2014,1
HONDA,GRACE EX SAFETY,2015,1
HONDA,GRACE LX,2016,1
HONDA,GRACE RS,2018,1
HONDA,GRAND CIVIC EF2,1991,1
HONDA,HONDA,2010,1
HONDA,N BOX CUSTOM TURBO,2016,1
HONDA,INSIGHT ZE 2,2011,1
HONDA,INSIGHT ZE 3,2011,1
HONDA,INSIGHT ZE2,2012,1
HONDA,JADE,2015,1
HONDA,JADE PREMIUM,2015,1
HONDA,LOGO,1999,1
HONDA,N BOX,2016,1
HONDA,CIVIC SEDAN,2020,1
HONDA,CIVIC MUGEN KIT,2018,1
HONDA,CIVIC LIMITED EDITION,1985,1
FORD,LASER GL SEDAN,1991,1
FORD,LASER BF GHIA,1986,1
FORD,LASER BG3,1991,1
FORD,LASER GHIA,1986,1
FORD,LASER GHIA,1987,1
FORD,LASER GHIA,1996,1
FORD,LASER GL,1982,1
FORD,LASER GL,1989,1
FOTON,PROTON SAGA,2009,1
FORD,LASER BF,1988,1
FOTON,PROTON SAGA,2011,1
FOTON,SAGA,2011,1
HONDA,ACCORD,1991,1
HONDA,ACCORD,1999,1
HONDA,ACCORD,2003,1
HONDA,ACCORD CD 3,1997,1
HONDA,ACCORD CF3 EURO,1999,1
FORD,LASER BF GHIA,1985,1
FORD,LASER,1998,1
HONDA,CIVIC FK6,2017,1
FORD,FOCUS MK3,2012,1
FIAT,TEMPRA EFI,1999,1
FIAT,UNO,1988,1
FIAT,UNO 60,1987,1
FORD,FESTIVA,1994,1
FORD,FESTIVA,1995,1
FORD,FESTIVA,1997,1
FORD,FOCUS,2011,1
FORD,FOCUS ST,2017,1
FORD,LASER,1994,1
FORD,FOCUS TITANIUM,2015,1
FORD,FORD,1998,1
FORD,FORD,2001,1
FORD,LASER,1984,1
FORD,LASER,1988,1
FORD,LASER,1991,1
FORD,LASER,1992,1
HONDA,ACCORD CF9 EX,2002,1
HONDA,ACCORD CL7,2007,1
HONDA,ACCORD EX PREMIUM,2013,1
HONDA,CIVIC EX,2017,1
HONDA,CIVIC ES08,2004,1
HONDA,CIVIC ES1,2004,1
HONDA,CIVIC ES5,2003,1
HONDA,CIVIC ES5 VTEC,2003,1
HONDA,CIVIC ES8,2003,1
HONDA,CIVIC ES8,2005,1
HONDA,CIVIC ES8,2006,1
HONDA,CIVIC EX,2019,1
HONDA,ACCORD I-VTEC,1999,1
HONDA,CIVIC EX TECH PACK,2017,1
HONDA,CIVIC EX TECH PACK,2020,1
HONDA,CIVIC FB1,2012,1
HONDA,CIVIC FD1 TYPE S,2007,1
HONDA,CIVIC FD1S,2006,1
HONDA,CIVIC FD4,2007,1
HONDA,CIVIC FD4,2008,1
HONDA,CIVIC EK3 VTEC VIRS,2000,1
HONDA,CIVIC EK3,1995,1
HONDA,CIVIC EK,1999,1
HONDA,CIVIC EG8,1991,1
HONDA,ACCORD I-VTEC,2009,1
HONDA,ACCORD IVTEC,2009,1
HONDA,ARIA GD8,2008,1
HONDA,CF9,2003,1
HONDA,CITY,1998,1
HONDA,CITY,1999,1
HONDA,CITY,2002,1
HONDA,CITY,2005,1
HONDA,CITY GD 8,2003,1
HONDA,CITY V-TEC,2000,1
HONDA,CITY VTEC,2000,1
HONDA,CIVIC,1989,1
HONDA,CIVIC,1995,1
HONDA,CIVIC,2004,1
HONDA,CIVIC EFI VTEC,1992,1
MITSUBISHI,COLT,1980,1
MITSUBISHI,COLT,2007,1
SUZUKI,MARUTI 800,2001,1
NISSAN,SUNNY N17 SUPER SALOON,2007,1
NISSAN,SUNNY FB15 SUPER SALOON,1999,1
NISSAN,SUNNY FB15 SUPER SALOON,2003,1
NISSAN,SUNNY HB11,1985,1
NISSAN,SUNNY HB11 E15,1984,1
NISSAN,SUNNY HB12,1989,1
NISSAN,SUNNY N17,2008,1
NISSAN,SUNNY N17 SUPER SALOON,2005,1
NISSAN,SUNNY N17 SUPER SALOON,2011,1
NISSAN,SUNNY FB15,2006,1
NISSAN,SUNNY SB 12,1989,1
NISSAN,SUNNY SB14,1998,1
NISSAN,SUNNY SB14 EX SALOON,1998,1
NISSAN,SUNNY SUPER SALOON,2004,1
NISSAN,SUNNY SUPER SALOON,2008,1
NISSAN,SUNNY SUPER SALOON,2011,1
NISSAN,SUNNY VB11,1985,1
NISSAN,SUNNY FB15 EX SALOON,2000,1
NISSAN,SUNNY FB15,2003,1
NISSAN,SUPER SALOON,1994,1
NISSAN,SUNNY FB12,1986,1
NISSAN,SUNNY B15,1999,1
NISSAN,SUNNY B15,2001,1
NISSAN,SUNNY B211,1977,1
NISSAN,SUNNY B211,1978,1
NISSAN,SUNNY B310,1994,1
NISSAN,SUNNY EX SALOON,1999,1
NISSAN,SUNNY EX SALOON N16,2001,1
NISSAN,SUNNY FB12,1987,1
NISSAN,SUNNY FB14 SUPER SALOON,1998,1
NISSAN,SUNNY FB13,1992,1
NISSAN,SUNNY FB13,1994,1
NISSAN,SUNNY FB13 ANNIVERSARY,1993,1
NISSAN,SUNNY FB14,1995,1
NISSAN,SUNNY FB14,1998,1
NISSAN,SUNNY FB14 EX SALOON,1996,1
NISSAN,SUNNY FB14 SUPER SALOON,1995,1
NISSAN,SUPER SALOON,1991,1
NISSAN,SUPER SALOON,1999,1
NISSAN,SUNNY B14,1994,1
NISSAN,WHB11 CALIFORNIA WAGON,1984,1
NISSAN,VANETTE,2001,1
NISSAN,VB11 SUNNY,1985,1
NISSAN,VY10,1992,1
NISSAN,VY11,2004,1
NISSAN,VY11,2005,1
NISSAN,WFY11,2001,1
NISSAN,WFY11 WINGROAD,2001,1
NISSAN,WINGROAD,1996,1
NISSAN,TRAD SUNNY WHB12,1987,1
NISSAN,WINGROAD,2000,1
NISSAN,WINGROAD,2005,1
NISSAN,WINGROAD AD WAGON,1999,1
NISSAN,WINGROAD VFY11,2000,1
NISSAN,WINGROAD WFY-11,2001,1
NISSAN,WINGROAD WFY11,1999,1
NISSAN,WINGROAD WFY11,2002,1
NISSAN,TRAD SUNNY WHB12,1990,1
NISSAN,TRAD SUNNY WB12,1989,1
NISSAN,SUPER SALOON,2000,1
NISSAN,TIIDA LATIO,2006,1
NISSAN,SUUNY EX SALOON N17,2003,1
NISSAN,SYLPHY,2012,1
NISSAN,SYLPHY,2014,1
NISSAN,TB VY11,2001,1
NISSAN,TEANA,2010,1
NISSAN,TEANA,2013,1
NISSAN,TIIDA,2010,1
NISSAN,TIIDA LATIO,2008,1
NISSAN,TRAD SUNNY HB12 EX SALOON,1988,1
NISSAN,TRAD SUNNY,1990,1
NISSAN,TRAD SUNNY,1997,1
NISSAN,TRAD SUNNY B12,1989,1
NISSAN,TRAD SUNNY FB12,1990,1
NISSAN,TRAD SUNNY HB12,1986,1
NISSAN,TRAD SUNNY HB12,1987,1
NISSAN,TRAD SUNNY HB12,1999,1
NISSAN,SUNNY B14,1996,1
NISSAN,SUNNY B13,1991,1
NISSAN,WINGROAD Y10,1996,1
NISSAN,PN12,1985,1
NISSAN,N16N17 LUXURY EDITION,2003,1
NISSAN,N17 SUPER SALOON,2010,1
NISSAN,NOTE,2009,1
NISSAN,NOTE,2011,1
NISSAN,NOTE,2017,1
NISSAN,NOTE E-POWER,2017,1
NISSAN,P11 PRIMERA,1998,1
NISSAN,PRESEA,1994,1
NISSAN,N16 SYLPHY,2000,1
NISSAN,PRESEA,1995,1
NISSAN,PRESEA,1996,1
NISSAN,PRESEA,1997,1
NISSAN,PRESEA,1999,1
NISSAN,PRESEA,2002,1
NISSAN,PRESEA R11,1996,1
NISSAN,PRESEA R11,1997,1
NISSAN,N16 SYLPHY,2001,1
NISSAN,N16 SUPER SALOON,2004,1
NISSAN,PRESEA REFINA 2,2000,1
NISSAN,N16 EX SALOON,2006,1
NISSAN,N16,2004,1
NISSAN,N16,2006,1
NISSAN,N16,2007,1
NISSAN,N16,2008,1
NISSAN,N16,2011,1
NISSAN,N16 BLUEBIRD SYLPHY,2002,1
NISSAN,N16 EX SALOON,2003,1
NISSAN,N16 SUNNY,2001,1
NISSAN,N16 SUPER SALOON,2003,1
NISSAN,N16 SUNNY,2003,1
NISSAN,N16 SUNNY,2005,1
NISSAN,N16 SUNNY,2021,1
NISSAN,N16 SUNNY EX SALOON,2001,1
NISSAN,N16 SUNNY EX SALOON,2002,1
NISSAN,N16 SUPER SALOON,2001,1
NISSAN,N16 SUPER SALOON,2002,1
NISSAN,PRESEA R11,2001,1
NISSAN,PRIMERA,1997,1
NISSAN,SUNNY B11,1984,1
NISSAN,SUNNU B211,1976,1
NISSAN,QASHQAI,2019,1
NISSAN,QASHQAI TEKNA UK,2017,1
NISSAN,RZ 1,1987,1
NISSAN,RZ 1,1989,1
NISSAN,SB13,1991,1
NISSAN,SB13,1992,1
NISSAN,SB13,1993,1
NISSAN,SUNNY,1982,1
NISSAN,PULSAR FN15,1999,1
NISSAN,SUNNY,1988,1
NISSAN,SUNNY,1991,1
NISSAN,SUNNY,1995,1
NISSAN,SUNNY,1998,1
NISSAN,SUNNY,1999,1
NISSAN,SUNNY,2000,1
NISSAN,SUNNY,2003,1
NISSAN,PULSAR FN15,2000,1
NISSAN,PULSAR FN15,1997,1
NISSAN,PRIMERA,2000,1
NISSAN,PULSAR,1991,1
NISSAN,PRIMERA,2001,1
NISSAN,PRIMERA,2022,1
NISSAN,PRIMERA P11,1997,1
NISSAN,PRIMERA P11 CAMINO,1996,1
NISSAN,PRIMERA P11 EFI,1999,1
NISSAN,PULSAR,1982,1
NISSAN,PULSAR,1983,1
NISSAN,PULSAR,1993,1
NISSAN,PULSAR FN14,1996,1
NISSAN,PULSAR,1996,1
NISSAN,PULSAR CJ1,1997,1
NISSAN,PULSAR CJ1,1999,1
NISSAN,PULSAR CJ1,2001,1
NISSAN,PULSAR FB14,1997,1
NISSAN,PULSAR FB14,2001,1
NISSAN,PULSAR FB15,2000,1
NISSAN,WINGROAD Y 12,2007,1
NISSAN,WINGROAD Y10,1997,1
MITSUBISHI,COLT,2008,1
SUZUKI,ALTO LXI,2013,1
SUZUKI,ALTO K10,2000,1
SUZUKI,ALTO K10 VXI,2013,1
SUZUKI,ALTO K10 VXI,2015,1
SUZUKI,ALTO K10 VXI,2016,1
SUZUKI,ALTO L GRADE,2019,1
SUZUKI,ALTO LXI,2005,1
SUZUKI,ALTO LXI,2012,1
SUZUKI,ALTO SPECIAL EDITION,2011,1
SUZUKI,ALTO JAPAN HA24S,2011,1
SUZUKI,ALTO SPORT,2014,1
SUZUKI,ALTO SPORT,2015,1
SUZUKI,ALTO SPORT RPM METER,2004,1
SUZUKI,ALTO SPORTS,2012,1
SUZUKI,BALENO,2002,1
SUZUKI,BALENO,2017,1
SUZUKI,BALENO,2020,1
SUZUKI,ALTO JAPAN TURBO RS WORKS,2015,1
SUZUKI,ALTO JAPAN,2011,1
SUZUKI,BALENO TURBO,2019,1
SUBARU,WRX STI 9,2004,1
SUBARU,R2,2024,1
SUBARU,STI 12,2015,1
SUBARU,STI 6,2002,1
SUBARU,STI 6 RA,2000,1
SUBARU,STI4,1993,1
SUBARU,SUBARU,1989,1
SUBARU,WRX STI 8,2003,1
SUZUKI,A- STAR,2011,1
SUZUKI,ALTO JAPAN,2010,1
SUZUKI,AERIO,2002,1
SUZUKI,ALTO,1997,1
SUZUKI,ALTO,2000,1
SUZUKI,ALTO,2019,1
SUZUKI,ALTO AVEO,2007,1
SUZUKI,ALTO HA25S JAPAN,2003,1
SUZUKI,ALTO JAPAN,1998,1
SUZUKI,BALENO TURBO,2018,1
SUZUKI,BALENO XT JAPAN,2019,1
SUBARU,LEGACY,2004,1
SUZUKI,LIANA,2005,1
SUZUKI,HUSTLER J STYLE TURBO,2017,1
SUZUKI,INDIAN WAGON R,2004,1
SUZUKI,KEI,2001,1
SUZUKI,KEI,2002,1
SUZUKI,KEI,2003,1
SUZUKI,KEI JAPAN,2004,1
SUZUKI,LIANA,2003,1
SUZUKI,LIANA JAPAN,2002,1
SUZUKI,ESTILO,2015,1
SUZUKI,LIANA JAPAN,2007,1
SUZUKI,MARUTI,1993,1
SUZUKI,MARUTI,2002,1
SUZUKI,MARUTI,2014,1
SUZUKI,MARUTI 800,1993,1
SUZUKI,MARUTI 800,1997,1
SUZUKI,MARUTI 800,1999,1
SUZUKI,HUSTLER J STYLE,2017,1
SUZUKI,ESTEEM,2004,1
SUZUKI,BEETLE JAPAN,2007,1
SUZUKI,CIAZ,2015,1
SUZUKI,CELEREO VXI,2016,1
SUZUKI,CELERIO,2018,1
SUZUKI,CELERIO VXI AMT,2015,1
SUZUKI,CELERIO X,2018,1
SUZUKI,CELERIO X AGS,2018,1
SUZUKI,CELERIO ZXI,2014,1
SUZUKI,CELERIOX ZXI AGS,2019,1
SUZUKI,CULTUS,1990,1
SUZUKI,ESTEEM,1999,1
SUZUKI,CULTUS,1993,1
SUZUKI,CULTUS,1996,1
SUZUKI,CULTUS,2000,1
SUZUKI,CULTUS JAPAN,1997,1
SUZUKI,CULTUS WAGON JAPAN,2004,1
SUZUKI,DAA-MH55S WAGON R,2017,1
SUZUKI,ERTIGA,2014,1
SUBARU,LEONE,1981,1
SUBARU,IMPREZA WAGON,1996,1
NISSAN,WINGROAD Y11,2002,1
PEUGEOT,206,2001,1
PERODUA,PROTON SAGA,2011,1
PERODUA,VIVA ELITE,2007,1
PERODUA,VIVA ELITE AMIEZG,2011,1
PERODUA,VIVA ELITE PREMIUM,2009,1
PEUGEOT,000,1996,1
PEUGEOT,203,1956,1
PEUGEOT,206,2000,1
PEUGEOT,206,2003,1
PERODUA,KANCIL,2001,1
PEUGEOT,306,1999,1
PEUGEOT,405 GLD,1995,1
PEUGEOT,406,1997,1
PEUGEOT,406,1998,1
PEUGEOT,406,2003,1
PEUGEOT,406 D9,1999,1
PEUGEOT,406 D9,2000,1
PERODUA,KANCIL,2002,1
PERODUA,KANCIL,1998,1
PEUGEOT,406 D9 GLX,2000,1
OPEL,ASTRA G,2001,1
NISSAN,WY11 WINGROAD,2002,1
NISSAN,Y10,1998,1
NISSAN,Y10 ORJENAL CAR,1994,1
OPEL,ASTRA,1995,1
OPEL,ASTRA,1996,1
OPEL,ASTRA,1998,1
OPEL,ASTRA F,1996,1
OPEL,CORSA B,1995,1
PERODUA,BEZZA HIGHEST SPEC,2018,1
OPEL,OMEGA,1995,1
OPEL,OPEL,1996,1
OTHER,ATV,2010,1
PERODUA,AXIA,2018,1
PERODUA,AXIA G,2015,1
PERODUA,AXIA G,2017,1
PERODUA,BEZZA,2020,1
PEUGEOT,406 D9,2002,1
PEUGEOT,406 D9 GTX,2001,1
SUBARU,IMPREZA,2000,1
RENAULT,KWID RED,2018,1
PROTON,SAGA,1988,1
PROTON,SAVVY,2006,1
PROTON,SAVVY,2008,1
PROTON,WIRA,1993,1
PROTON,WIRA,1994,1
PROTON,WIRA,2003,1
RENAULT,KWID,2019,1
RENAULT,LAGUNA,2004,1
PROTON,PERSONA,2010,1
RENAULT,MEGANE,2006,1
RENAULT,RENAULT,1991,1
SEAT,TOLEDO,2002,1
SKODA,OCTAVIA,2002,1
SKODA,SUPERB,2002,1
SUBARU,GF5,1999,1
SUBARU,IMPREZA,1996,1
PROTON,PERSONA,2011,1
PROTON,GEN 2,2006,1
PEUGEOT,406 HDI,2001,1
PEUGEOT,505,1983,1
PEUGEOT,407,2008,1
PEUGEOT,407 EXECUTIVE,2007,1
PEUGEOT,504,1974,1
PEUGEOT,504,1983,1
PEUGEOT,504 GL,1978,1
PEUGEOT,504 L,1976,1
PEUGEOT,505,1967,1
PEUGEOT,505,1986,1
PEUGEOT,GT LINE,2019,1
PEUGEOT,505 GL,1988,1
PEUGEOT,508,2014,1
PEUGEOT,508,2016,1
PEUGEOT,605,1993,1
PEUGEOT,605 SR,1993,1
PEUGEOT,607,2000,1
PEUGEOT,607,2001,1
NISSAN,N16,1999,1
NISSAN,MOCO,2008,1
NISSAN,MARCH TURBO K10,1990,1
NISSAN,AD WAGON,1997,1
MORRIS,MINOR,1959,1
NISSAN,A33 CEFIRO EXCIMO JAPAN,2004,1
NISSAN,AD,1984,1
NISSAN,AD WAGON,1983,1
NISSAN,AD WAGON,1985,1
NISSAN,AD WAGON,1988,1
NISSAN,AD WAGON,1989,1
NISSAN,AD WAGON VFY11,2000,1
MORRIS,MINI COOPER,1972,1
NISSAN,AD WAGON VY10,1994,1
NISSAN,AD WAGON VY11,2003,1
NISSAN,AD WAGON Y10,1992,1
NISSAN,AD WAGON Y11,2001,1
NISSAN,AD WAGON Y11,2003,1
NISSAN,AK11 SPECIAL EDITION,2000,1
NISSAN,AK12,2002,1
MORRIS,MINI COOPER,1998,1
MORRIS,MINI COOPER,1960,1
NISSAN,AVENIER,1997,1
MITSUBISHI,MIRAGE,2013,1
MITSUBISHI,LANCER WAGON,1990,1
MITSUBISHI,LANCER WAGON C11V,1986,1
MITSUBISHI,LANCER WAGON C12,1985,1
MITSUBISHI,LAUNCHER CK1,1999,1
MITSUBISHI,LIBERO,1996,1
MITSUBISHI,MIRAGE,1992,1
MITSUBISHI,MIRAGE,1997,1
MITSUBISHI,MITSUBISHI,1984,1
MORRIS,MINI,1969,1
MITSUBISHI,MITSUBISHI,1987,1
MITSUBISHI,MITSUBISHI,1996,1
MITSUBISHI,MITSUBISHI,2005,1
MITSUBISHI,MITSUBISHI,2013,1
MITSUBISHI,RVR SUPER WAGON,1999,1
MITSUBISHI,STRADA K74,1997,1
MITSUBISHI,WAGON,1998,1
NISSAN,AK12,2006,1
NISSAN,AVENIR,1996,1
MITSUBISHI,LANCER WAGON,1977,1
NISSAN,B211,1981,1
NISSAN,B15,1998,1
NISSAN,B15,2000,1
NISSAN,B15,2001,1
NISSAN,B15,2002,1
NISSAN,B15,2004,1
NISSAN,B211,1977,1
NISSAN,B211,1979,1
NISSAN,B31,1984,1
NISSAN,B14 LUCINO,1994,1
NISSAN,B310,1978,1
NISSAN,B310,1979,1
NISSAN,B310,1981,1
NISSAN,B310,1985,1
NISSAN,B311,1982,1
NISSAN,BEATLE AK12,2003,1
NISSAN,BLUEBIRD,1984,1
NISSAN,B14 SUNNY,1998,1
NISSAN,B14 EX SALOON,1996,1
NISSAN,AVENIR,1998,1
NISSAN,B12,1990,1
NISSAN,B 14,1998,1
NISSAN,B-13 DOCTOR SUNNY,1993,1
NISSAN,B11,1987,1
NISSAN,B11 CALIFORNIA,1986,1
NISSAN,B11 LONGOING BUFFER,1980,1
NISSAN,B12,1988,1
NISSAN,B12,1989,1
NISSAN,B12 SUNNY,1987,1
NISSAN,B14,1997,1
NISSAN,B12 SUPER SALOON TRAD SUNNY,1989,1
NISSAN,B13,1983,1
NISSAN,B13,1991,1
NISSAN,B13,1992,1
NISSAN,B13 DOCTOR SUNNY,1990,1
NISSAN,B13 SUNNY,1990,1
NISSAN,B14,1996,1
MITSUBISHI,LANCER WAGON,1985,1
MITSUBISHI,LANCER STATION WAGON,1985,1
NISSAN,MARCH MIA K11,2001,1
MITSUBISHI,LANCER,2002,1
MITSUBISHI,LANCER,1986,1
MITSUBISHI,LANCER,1987,1
MITSUBISHI,LANCER,1988,1
MITSUBISHI,LANCER,1989,1
MITSUBISHI,LANCER,1990,1
MITSUBISHI,LANCER,1993,1
MITSUBISHI,LANCER,1998,1
MITSUBISHI,LANCER,2003,1
MITSUBISHI,LANCER,1980,1
MITSUBISHI,LANCER,2012,1
MITSUBISHI,LANCER ASP,1991,1
MITSUBISHI,LANCER ASP,1996,1
MITSUBISHI,LANCER ASP MODEL,1991,1
MITSUBISHI,LANCER BOX,1978,1
MITSUBISHI,LANCER BOX,1979,1
MITSUBISHI,LANCER BOX,1985,1
MITSUBISHI,LANCER,1981,1
MITSUBISHI,LANCER,1977,1
MITSUBISHI,LANCER BOX,1990,1
MITSUBISHI,GALANT,1975,1
MITSUBISHI,CS3,2004,1
MITSUBISHI,CS3,2011,1
MITSUBISHI,EK WAGON,2016,1
MITSUBISHI,EK WAGON,2018,1
MITSUBISHI,EK WAGON B11W,2018,1
MITSUBISHI,EK WAGON CUSTOM DAYZ,2015,1
MITSUBISHI,EVOLUTION 4,2000,1
MITSUBISHI,GALANT,1987,1
MITSUBISHI,KH4WGRPZR,2011,1
MITSUBISHI,GALANT,1990,1
MITSUBISHI,GALANT E32,1988,1
MITSUBISHI,GALANT SIGMA 2C,1984,1
MITSUBISHI,GALANT V6,1994,1
MITSUBISHI,GALANT VRG ASPIRE,2003,1
MITSUBISHI,GF-H42A,2001,1
MITSUBISHI,GLX,2007,1
MITSUBISHI,LANCER BOX,1986,1
MITSUBISHI,LANCER BOX 1.6,1982,1
MITSUBISHI,LANCER GLX ASP,1990,1
MITSUBISHI,LANCER EX GLS EVO X BODYKIT,2007,1
MITSUBISHI,LANCER CS3,2004,1
MITSUBISHI,LANCER CS3 GLX,2011,1
MITSUBISHI,LANCER EVOLUTION,2001,1
MITSUBISHI,LANCER EVOLUTION 6,2000,1
MITSUBISHI,LANCER EX,2015,1
MITSUBISHI,LANCER EX EVO X,2008,1
MITSUBISHI,LANCER EX GLS,2007,1
MITSUBISHI,LANCER FIORE,1986,1
MITSUBISHI,LANCER CS2 JDM,2008,1
MITSUBISHI,LANCER FLAT,1978,1
MITSUBISHI,LANCER FLAT LIGHT WAGON EL,1982,1
MITSUBISHI,LANCER FURY,1986,1
MITSUBISHI,LANCER GLX,1985,1
MITSUBISHI,LANCER GLX,1988,1
MITSUBISHI,LANCER GLX,1989,1
MITSUBISHI,LANCER GLX ASP,1989,1
MITSUBISHI,LANCER CS3,2001,1
MITSUBISHI,LANCER CS2,2022,1
MITSUBISHI,LANCER BOX 5FWD,1982,1
MITSUBISHI,LANCER CB3,1995,1
MITSUBISHI,LANCER BOX SL,1984,1
MITSUBISHI,LANCER C12,1990,1
MITSUBISHI,LANCER C12 CLX,1987,1
MITSUBISHI,LANCER C12A,1986,1
MITSUBISHI,LANCER CB1,1994,1
MITSUBISHI,LANCER CB1,1995,1
MITSUBISHI,LANCER CB2,1992,1
MITSUBISHI,LANCER CK1,1998,1
MITSUBISHI,LANCER CS1 GLX,2010,1
MITSUBISHI,LANCER CK1,2002,1
MITSUBISHI,LANCER CK2,1998,1
MITSUBISHI,LANCER CK2,2002,1
MITSUBISHI,LANCER CK2 MX,2001,1
MITSUBISHI,LANCER CK2 MX EFI,1998,1
MITSUBISHI,LANCER CS1,2011,1
MITSUBISHI,LANCER CS1 GLX,2003,1
NISSAN,BLUEBIRD,1987,1
NISSAN,BLUEBIRD,1994,1
NISSAN,BLUEBIRD,1995,1
NISSAN,K10,1989,1
NISSAN,HB12 TRAD SUNNY FULL LIGHT,1988,1
NISSAN,HB15,2002,1
NISSAN,HB310,1979,1
NISSAN,HB310,1983,1
NISSAN,HB310,1997,1
NISSAN,HN 12,1989,1
NISSAN,K10,1985,1
NISSAN,LANGLEY HN12,1986,1
NISSAN,HB12,1986,1
NISSAN,LAUREL,2008,1
NISSAN,LEAF,2018,1
NISSAN,LEAF AZE0,2017,1
NISSAN,LEAF AZE0 UK ACCENTA,2014,1
NISSAN,LEAF AZEO,2014,1
NISSAN,LEAF AZEO G,2014,1
NISSAN,LEAF AZEO G GRADE,2013,1
NISSAN,HB12,1990,1
NISSAN,HB12,1985,1
NISSAN,LEAF AZEO G GRADE 9BAR 120KM,2013,1
NISSAN,FB15 SUPER SALOON,2024,1
NISSAN,FB15 EX SALOON,2003,1
NISSAN,FB15 EX SALOON,2005,1
NISSAN,FB15 EX SLOON,1999,1
NISSAN,FB15 SPLEND ECO MODEL,2000,1
NISSAN,FB15 SUNNY EX SALOON,1998,1
NISSAN,FB15 SUPER,1998,1
NISSAN,FB15 SUPER SALOON,2004,1
NISSAN,FB15 SUPER SALOON SPLEND,1999,1
NISSAN,HB11 LAUREL SPIRIT,1986,1
NISSAN,FB15 SUPER SALOON SPLEND,2000,1
NISSAN,FG10,2005,1
NISSAN,FN 15,1999,1
NISSAN,FN14 PULSAR,1994,1
NISSAN,G11,2010,1
NISSAN,HB11,1987,1
NISSAN,HB11,1988,1
NISSAN,LEAF AZEO G GRADE,2014,1
NISSAN,LEAF AZEO JAPAN,2013,1
NISSAN,BLUEBIRD,1997,1
NISSAN,MARCH K11,2022,1
NISSAN,MARCH AK13,2011,1
NISSAN,MARCH B11,1986,1
NISSAN,MARCH K10,1987,1
NISSAN,MARCH K10 SPORT,1989,1
NISSAN,MARCH K11,1998,1
NISSAN,MARCH K11,2003,1
NISSAN,MARCH K11,2005,1
NISSAN,MARCH K11 LIMITED,2001,1
NISSAN,MARCH AK12,2009,1
NISSAN,MARCH K11 LIMITED EDITION,2005,1
NISSAN,MARCH K11 MIA,2001,1
NISSAN,MARCH K12,2004,1
NISSAN,MARCH K12,2005,1
NISSAN,MARCH K12,2009,1
NISSAN,MARCH K12 AK12,2006,1
NISSAN,MARCH MIA,2001,1
NISSAN,MARCH AK12,2011,1
NISSAN,MARCH AK12,2005,1
NISSAN,LEAF AZEO X 40KW 225KM,2013,1
NISSAN,LEAF ZEO 10 BAR 150KM,2012,1
NISSAN,LEAF AZEO X GRADE,2013,1
NISSAN,LEAF AZEO X LIMITED,2013,1
NISSAN,LEAF G,2016,1
NISSAN,LEAF G GRADE,2013,1
NISSAN,LEAF G GRADE,2014,1
NISSAN,LEAF G GRADE AZEO,2013,1
NISSAN,LEAF G LIMITED,2015,1
NISSAN,LEAF ZEO 62KWH 500KM RANGE,2012,1
NISSAN,MARCH AK11 ANNIVERSARY,2001,1
NISSAN,MARCH,1988,1
NISSAN,MARCH,1989,1
NISSAN,MARCH,1991,1
NISSAN,MARCH,1994,1
NISSAN,MARCH,1996,1
NISSAN,MARCH,1999,1
NISSAN,MARCH,2020,1
NISSAN,FB15 EX SALOON,2002,1
NISSAN,FB15 EX,2002,1
NISSAN,FB15,2021,1
NISSAN,CEDRIC Y33,1996,1
NISSAN,BLUEBIRD U12,1990,1
NISSAN,BLUEBIRD YU120,1992,1
NISSAN,C24,2000,1
NISSAN,C24,2001,1
NISSAN,CARAVAN,1993,1
NISSAN,CEDRIC GLORIA Y 34,1999,1
NISSAN,CEDRIC GLORIA Y34,1999,1
NISSAN,CEFIRO,1999,1
NISSAN,BLUEBIRD SYLPHY IMPORT,2010,1
NISSAN,CEFIRO,2001,1
NISSAN,CEFIRO,2007,1
NISSAN,CEFIRO 230JM,2005,1
NISSAN,CEFIRO 230JM J31,2004,1
NISSAN,CEFIRO A32,1996,1
NISSAN,CEFIRO A33,2000,1
NISSAN,CEFIRO A33 2 0G,2000,1
NISSAN,BLUEBIRD SYLPHY N17,2004,1
NISSAN,BLUEBIRD SYLPHY FG10,2004,1
NISSAN,FB15,2007,1
NISSAN,BLUEBIRD RU11,1985,1
NISSAN,BLUEBIRD,2004,1
NISSAN,BLUEBIRD E,2000,1
NISSAN,BLUEBIRD EU11,1988,1
NISSAN,BLUEBIRD EU12,1991,1
NISSAN,BLUEBIRD EU13,1995,1
NISSAN,BLUEBIRD G11,2007,1
NISSAN,BLUEBIRD QU14,2000,1
NISSAN,BLUEBIRD SSS,1996,1
NISSAN,BLUEBIRD SYLPHY,2008,1
NISSAN,BLUEBIRD SSS FB14,1999,1
NISSAN,BLUEBIRD SU13,1992,1
NISSAN,BLUEBIRD SU14,1996,1
NISSAN,BLUEBIRD SU14,1998,1
NISSAN,BLUEBIRD SU14,2001,1
NISSAN,BLUEBIRD SYLPHY,2004,1
NISSAN,BLUEBIRD SYLPHY,2005,1
NISSAN,CEFIRO A33 MAXIMA,2000,1
NISSAN,CEFIRO C33,2000,1
NISSAN,CEFIRO EXCIMO,2000,1
NISSAN,FB13 SUNNY,1992,1
NISSAN,FB13,1996,1
NISSAN,FB13,1997,1
NISSAN,FB13,1998,1
NISSAN,FB13 DOCTOR SUNNY,1990,1
NISSAN,FB13 DOCTOR SUNNY,1996,1
NISSAN,FB13 DOCTOR SUNNY SUPER SALOON,1992,1
NISSAN,FB13 DOCTOR SUNNY SUPER SALOON,1994,1
NISSAN,FB14,2000,1
NISSAN,CEFIRO J31,2003,1
NISSAN,FB14,2001,1
NISSAN,FB14,2003,1
NISSAN,FB14 PRESEA,2000,1
NISSAN,FB14 PULSAR,2000,1
NISSAN,FB14 SUPER SALOON,1997,1
NISSAN,FB14 SUPER SALOON,1998,1
NISSAN,FB14 SUPER SALOON,2006,1
NISSAN,FB13,1995,1
NISSAN,FB12 SUNNY,1987,1
NISSAN,FB 31,1991,1
NISSAN,EX SALOON,2004,1
NISSAN,CEFIRO J31 230JM,2004,1
NISSAN,CUBE BZ11,2002,1
NISSAN,DAYZ HIGHWAY STAR,2016,1
NISSAN,DAYZ HIGHWAY STAR,2018,1
NISSAN,DAYZ ROOX,2017,1
NISSAN,DAYZ SAFETY LIMITED EDITION,2017,1
NISSAN,DOCTOR SUNNY,1993,1
NISSAN,DOCTOR SUNNY,1995,1
NISSAN,DOCTOR SUNNY B13,1991,1
NISSAN,DOCTOR SUNNY B13,1992,1
NISSAN,DOCTOR SUNNY FB13,1992,1
NISSAN,E B12 SUNNY,1986,1
NISSAN,EB 12 SUNNY,1987,1
NISSAN,EF12 SUNNY,1989,1
NISSAN,EX SALOON,2001,1
ZOTYE,ZOTYE,2017,1
