brand,model,year_of_manufacture,engine_cc,transmission,fuel_type,mileage_km,town,listing_date,leasing,condition,air_conditioning,power_steering,power_mirror,power_window,price,group_count,group_median,group_q1,group_q3,group_iqr,lower_bound,upper_bound,eligible_for_detection,price_anomaly,anomaly_reason,price_deviation_percentage,flag_baseline,absolute_deviation,flag_iqr_and_15pct,flag_iqr_and_20pct,flag_iqr_and_30pct,review_label,review_reason,review_confidence,review_notes
SUZUKI,ALTO SPORT,2011,800.0,MANUAL,PETROL,154000.0,GAMPAHA,2024-12-19,NO LEASING,USED,AVAILABLE,AVAILABLE,AVAILABLE,AVAILABLE,27.5,6,26.65,26.125,26.8375,0.7125000000000021,25.05625,27.906250000000007,True,False,within_comparable_range,3.1894934333958775,False,3.1894934333958775,False,False,False,,,,
NISSAN,FB15,2003,1500.0,AUTOMATIC,PETROL,242000.0,KELANIYA,2024-12-23,NO LEASING,USED,AVAILABLE,AVAILABLE,AVAILABLE,AVAILABLE,46.0,25,43.34444444444444,42.5,44.75,2.25,39.125,48.125,True,False,within_comparable_range,6.126634196359915,False,6.126634196359915,False,False,False,,,,
TOYOTA,CARINA,1985,2000.0,MANUAL,DIESEL,440000.0,TANGALLE,2025-01-25,NO LEASING,USED,NOT_AVAILABLE,NOT_AVAILABLE,AVAILABLE,NOT_AVAILABLE,10.25,5,10.25,9.5,11.3125,1.8125,6.78125,14.03125,True,False,within_comparable_range,0.0,False,0.0,False,False,False,,,,
SUZUKI,A-STAR,2012,1000.0,MANUAL,PETROL,143000.0,KADAWATHA,2025-01-19,NO LEASING,USED,NOT_AVAILABLE,AVAILABLE,NOT_AVAILABLE,AVAILABLE,37.5,14,40.75909090909091,38.8125,42.95,4.137500000000003,32.606249999999996,49.15625000000001,True,False,within_comparable_range,-7.995985279357642,False,7.995985279357642,False,False,False,,,,
TOYOTA,AXIO,2007,1500.0,AUTOMATIC,PETROL,198000.0,BATTARAMULLA,2024-12-04,NO LEASING,USED,AVAILABLE,AVAILABLE,AVAILABLE,AVAILABLE,75.0,32,73.12384615384615,71.5,74.5,3.0,67.0,79.0,True,False,within_comparable_range,2.5657209581216396,False,2.5657209581216396,False,False,False,,,,
SUZUKI,ALTO 800,2015,800.0,MANUAL,PETROL,110000.0,GAMPAHA,2025-01-07,NO LEASING,USED,AVAILABLE,AVAILABLE,NOT_AVAILABLE,AVAILABLE,33.23653846153846,33,33.23653846153846,32.5,33.5,1.0,31.0,35.0,True,False,within_comparable_range,0.0,False,0.0,False,False,False,,,,
NISSAN,PULSAR,1997,1500.0,MANUAL,PETROL,308000.0,KANDY,2024-12-24,NO LEASING,USED,AVAILABLE,AVAILABLE,AVAILABLE,AVAILABLE,23.93333333333333,9,23.93333333333333,23.93333333333333,27.0,3.06666666666667,19.333333333333325,31.600000000000005,True,False,within_comparable_range,0.0,False,0.0,False,False,False,,,,
SUZUKI,MARUTI,2006,800.0,MANUAL,PETROL,209000.0,ANURADAPURA,2025-01-13,NO LEASING,USED,AVAILABLE,NOT_AVAILABLE,NOT_AVAILABLE,NOT_AVAILABLE,16.5,47,16.87,16.75,16.87,0.120000000000001,16.57,17.050000000000004,True,True,price_below_comparable_range,-2.1932424422051033,True,2.1932424422051033,False,False,False,,,,
SUZUKI,ALTO,2015,800.0,MANUAL,PETROL,110000.0,JA-ELA,2025-01-13,NO LEASING,USED,AVAILABLE,NOT_AVAILABLE,NOT_AVAILABLE,NOT_AVAILABLE,33.02984496124031,161,33.02984496124031,32.5,33.5,1.0,31.0,35.0,True,False,within_comparable_range,0.0,False,0.0,False,False,False,,,,
TOYOTA,VITZ,2007,1000.0,AUTOMATIC,PETROL,198000.0,MINUWANGODA,2025-01-01,NO LEASING,USED,AVAILABLE,AVAILABLE,AVAILABLE,AVAILABLE,53.810526315789474,75,53.810526315789474,52.825,54.5,1.6749999999999972,50.31250000000001,57.0125,True,False,within_comparable_range,0.0,False,0.0,False,False,False,,,,
TOYOTA,AXIO WXB,2016,1500.0,AUTOMATIC,HYBRID,99000.0,KANDY,2025-01-08,NO LEASING,USED,AVAILABLE,AVAILABLE,AVAILABLE,AVAILABLE,126.0,6,127.75,126.75,130.25,3.5,121.5,135.5,True,False,within_comparable_range,-1.36986301369863,False,1.36986301369863,False,False,False,,,,
SUZUKI,WAGON R FZ,2018,660.0,AUTOMATIC,HYBRID,77000.0,COLOMBO,2025-01-11,NO LEASING,USED,AVAILABLE,AVAILABLE,AVAILABLE,AVAILABLE,66.25,32,66.2388888888889,65.0,67.5625,2.5625,61.15625,71.40625,True,False,within_comparable_range,0.0167743017696807,False,0.0167743017696807,False,False,False,,,,
TOYOTA,ALLION,2010,1500.0,AUTOMATIC,PETROL,165000.0,MATALE,2024-12-16,NO LEASING,USED,AVAILABLE,AVAILABLE,AVAILABLE,AVAILABLE,103.0,10,104.375,103.125,105.0,1.875,100.3125,107.8125,True,False,within_comparable_range,-1.3173652694610778,False,1.3173652694610778,False,False,False,,,,
SUZUKI,A-STAR,2011,1000.0,MANUAL,PETROL,154000.0,BADULLA,2025-02-05,NO LEASING,USED,AVAILABLE,AVAILABLE,NOT_AVAILABLE,AVAILABLE,35.9,26,37.75,36.0,42.1375,6.137500000000003,26.793749999999996,51.34375000000001,True,False,within_comparable_range,-4.900662251655633,False,4.900662251655633,False,False,False,,,,
SUZUKI,ALTO,2015,800.0,MANUAL,PETROL,110000.0,BANDARAGAMA,2025-02-01,NO LEASING,USED,AVAILABLE,AVAILABLE,AVAILABLE,AVAILABLE,32.4,161,33.02984496124031,32.5,33.5,1.0,31.0,35.0,True,False,within_comparable_range,-1.9068965112594871,False,1.9068965112594871,False,False,False,,,,
SUZUKI,ALTO,2008,800.0,MANUAL,PETROL,187000.0,KANDY,2025-02-04,NO LEASING,USED,AVAILABLE,AVAILABLE,NOT_AVAILABLE,NOT_AVAILABLE,21.9,8,23.46,23.3325,23.75,0.4175000000000004,22.706249999999997,24.37625,True,True,price_below_comparable_range,-6.649616368286454,True,6.649616368286454,False,False,False,,,,
NISSAN,MARCH AK12,2002,1300.0,AUTOMATIC,PETROL,253000.0,KADUWELA,2025-02-04,NO LEASING,USED,AVAILABLE,AVAILABLE,AVAILABLE,AVAILABLE,32.75,8,34.0,32.9375,34.4375,1.5,30.6875,36.6875,True,False,within_comparable_range,-3.6764705882352944,False,3.6764705882352944,False,False,False,,,,
SUZUKI,SWIFT,2004,1300.0,AUTOMATIC,PETROL,231000.0,KANDY,2025-02-03,NO LEASING,USED,AVAILABLE,AVAILABLE,AVAILABLE,AVAILABLE,42.75,35,41.5078125,40.0,42.625,2.625,36.0625,46.5625,True,False,within_comparable_range,2.9926595143986447,False,2.9926595143986447,False,False,False,,,,
TOYOTA,PREMIO,2019,1500.0,AUTOMATIC,PETROL,66000.0,DEHIWALA-MOUNT-LAVINIA,2025-01-02,NO LEASING,USED,AVAILABLE,AVAILABLE,AVAILABLE,AVAILABLE,192.0,5,202.0625,198.75,207.5,8.75,185.625,220.625,True,False,within_comparable_range,-4.979894834519023,False,4.979894834519023,False,False,False,,,,
SUZUKI,WAGON R FZ,2018,660.0,AUTOMATIC,HYBRID,77000.0,COLOMBO,2025-02-01,NO LEASING,USED,AVAILABLE,AVAILABLE,AVAILABLE,AVAILABLE,65.0,32,66.2388888888889,65.0,67.5625,2.5625,61.15625,71.40625,True,False,within_comparable_range,-1.8703346473203133,False,1.8703346473203133,False,False,False,,,,
SUZUKI,MARUTI,2011,600.0,MANUAL,PETROL,154000.0,GAMPAHA,2024-12-17,NO LEASING,USED,AVAILABLE,NOT_AVAILABLE,NOT_AVAILABLE,NOT_AVAILABLE,20.034782608695647,37,20.034782608695647,19.5,20.4,0.8999999999999986,18.15,21.749999999999996,True,False,within_comparable_range,0.0,False,0.0,False,False,False,,,,
SUZUKI,WAGON R,2017,660.0,AUTOMATIC,HYBRID,88000.0,KURUNEGALA,2025-01-12,NO LEASING,USED,NOT_AVAILABLE,AVAILABLE,AVAILABLE,AVAILABLE,64.5,46,60.64038461538462,60.0,62.975,2.9750000000000014,55.537499999999994,67.4375,True,False,within_comparable_range,6.364760726857571,False,6.364760726857571,False,False,False,,,,
SUZUKI,WAGON R,2016,650.0,AUTOMATIC,HYBRID,99000.0,MATARA,2024-12-04,NO LEASING,USED,AVAILABLE,AVAILABLE,AVAILABLE,AVAILABLE,56.5,26,56.79444444444444,54.7875,58.3125,3.5249999999999986,49.5,63.599999999999994,True,False,within_comparable_range,-0.5184388144380192,False,0.5184388144380192,False,False,False,,,,
TOYOTA,PREMIO G SUPERIOR,2015,1490.0,AUTOMATIC,PETROL,110000.0,COLOMBO,2025-01-22,NO LEASING,USED,AVAILABLE,AVAILABLE,AVAILABLE,AVAILABLE,159.5,9,147.25,139.75,149.0,9.25,125.875,162.875,True,False,within_comparable_range,8.31918505942275,False,8.31918505942275,False,False,False,,,,
HONDA,CIVIC,1985,1500.0,MANUAL,PETROL,440000.0,NATTANDIYA,2025-01-06,NO LEASING,USED,AVAILABLE,NOT_AVAILABLE,NOT_AVAILABLE,NOT_AVAILABLE,12.5,5,10.3125,8.5,12.5,4.0,2.5,18.5,True,False,within_comparable_range,21.21212121212121,False,21.21212121212121,False,False,False,,,,
SUZUKI,MARUTI,2005,800.0,MANUAL,PETROL,220000.0,POLONNARUWA,2025-01-30,NO LEASING,USED,AVAILABLE,NOT_AVAILABLE,NOT_AVAILABLE,NOT_AVAILABLE,16.691666666666666,23,16.691666666666666,16.4,16.875,0.4750000000000014,15.687499999999996,17.587500000000002,True,False,within_comparable_range,0.0,False,0.0,False,False,False,,,,
SUZUKI,SWIFT,2006,650.0,AUTOMATIC,PETROL,209000.0,PANNIPITIYA,2025-01-10,NO LEASING,USED,AVAILABLE,AVAILABLE,AVAILABLE,AVAILABLE,33.0,5,51.95,38.0,53.0,15.0,15.5,75.5,True,False,within_comparable_range,-36.477382098171326,False,36.477382098171326,False,False,False,,,,
TOYOTA,AQUA,2014,1500.0,AUTOMATIC,PETROL,121000.0,DEHIWALA-MOUNT-LAVINIA,2025-01-14,NO LEASING,USED,AVAILABLE,AVAILABLE,AVAILABLE,AVAILABLE,75.64,34,76.98434782608696,76.0,77.875,1.875,73.1875,80.6875,True,False,within_comparable_range,-1.7462612388740832,False,1.7462612388740832,False,False,False,,,,
SUZUKI,SPACIA,2016,650.0,AUTOMATIC,HYBRID,99000.0,NUGEGODA,2025-01-28,NO LEASING,USED,AVAILABLE,AVAILABLE,AVAILABLE,AVAILABLE,57.95,16,59.75,57.9125,82.95078124999998,25.038281249999976,20.35507812500004,120.50820312499994,True,False,within_comparable_range,-3.012552301255225,False,3.012552301255225,False,False,False,,,,
KIA,PICANTO,2016,998.0,AUTOMATIC,PETROL,99000.0,MALABE,2025-02-05,NO LEASING,USED,AVAILABLE,AVAILABLE,NOT_AVAILABLE,AVAILABLE,57.9,20,56.6,54.375,57.9,3.5249999999999986,49.087500000000006,63.1875,True,False,within_comparable_range,2.2968197879858607,False,2.2968197879858607,False,False,False,,,,
TOYOTA,VITZ KSP90,2007,1000.0,AUTOMATIC,PETROL,198000.0,BORALESGAMUWA,2025-02-03,NO LEASING,USED,AVAILABLE,AVAILABLE,AVAILABLE,AVAILABLE,53.61875,21,53.61875,52.75,54.5,1.75,50.125,57.125,True,False,within_comparable_range,0.0,False,0.0,False,False,False,,,,
HONDA,GRACE EX,2014,1490.0,AUTOMATIC,PETROL,121000.0,COLOMBO,2024-12-11,NO LEASING,USED,AVAILABLE,AVAILABLE,AVAILABLE,AVAILABLE,95.5,8,96.625,96.25,97.9375,1.6875,93.71875,100.46875,True,False,within_comparable_range,-1.1642949547218628,False,1.1642949547218628,False,False,False,,,,
PERODUA,VIVA ELITE,2011,1000.0,AUTOMATIC,PETROL,154000.0,KANDY,2024-12-22,NO LEASING,USED,AVAILABLE,AVAILABLE,AVAILABLE,AVAILABLE,39.75,72,40.863135593220335,39.9375,42.25,2.3125,36.46875,45.71875,True,False,within_comparable_range,-2.7240581934319716,False,2.7240581934319716,False,False,False,,,,
NISSAN,MARCH K11,2001,999.0,AUTOMATIC,PETROL,264000.0,PANNALA,2025-01-21,NO LEASING,USED,AVAILABLE,AVAILABLE,AVAILABLE,AVAILABLE,31.8,10,29.575,28.75,29.9375,1.1875,26.96875,31.71875,True,True,price_above_comparable_range,7.5232459847844515,True,7.5232459847844515,False,False,False,,,,
SUZUKI,A-STAR,2011,1000.0,MANUAL,PETROL,154000.0,GALLE,2025-02-04,NO LEASING,USED,AVAILABLE,AVAILABLE,NOT_AVAILABLE,AVAILABLE,33.9,26,37.75,36.0,42.1375,6.137500000000003,26.793749999999996,51.34375000000001,True,False,within_comparable_range,-10.198675496688743,False,10.198675496688743,False,False,False,,,,
TOYOTA,PREMIO 260,2010,1500.0,AUTOMATIC,PETROL,165000.0,KADAWATHA,2024-12-08,NO LEASING,USED,AVAILABLE,AVAILABLE,AVAILABLE,AVAILABLE,109.5,5,102.83333333333334,99.5,102.83333333333334,3.333333333333343,94.5,107.83333333333336,True,True,price_above_comparable_range,6.4829821717990175,True,6.4829821717990175,False,False,False,,,,
NISSAN,TIIDA,2007,1500.0,AUTOMATIC,PETROL,198000.0,RATNAPURA,2025-01-18,NO LEASING,USED,AVAILABLE,AVAILABLE,AVAILABLE,AVAILABLE,50.0,8,50.0,49.0,66.5,17.5,22.75,92.75,True,False,within_comparable_range,0.0,False,0.0,False,False,False,,,,
HONDA,GRACE,2014,1500.0,AUTOMATIC,PETROL,121000.0,COLOMBO,2024-12-24,NO LEASING,USED,AVAILABLE,AVAILABLE,AVAILABLE,AVAILABLE,96.9,8,98.75,96.8875,102.4375,5.549999999999997,88.5625,110.7625,True,False,within_comparable_range,-1.8734177215189816,False,1.8734177215189816,False,False,False,,,,
TATA,NANO,2016,650.0,AUTOMATIC,PETROL,99000.0,NITTAMBUWA,2024-12-07,NO LEASING,USED,AVAILABLE,AVAILABLE,NOT_AVAILABLE,AVAILABLE,21.0,9,18.258333333333333,17.8,18.5,0.6999999999999993,16.75,19.549999999999997,True,True,price_above_comparable_range,15.015974440894572,True,15.015974440894572,True,False,False,,,,
SUZUKI,SWIFT,2004,1300.0,AUTOMATIC,PETROL,231000.0,COLOMBO,2025-02-05,ONGOING LEASE,USED,AVAILABLE,AVAILABLE,AVAILABLE,AVAILABLE,40.0,35,41.5078125,40.0,42.625,2.625,36.0625,46.5625,True,False,within_comparable_range,-3.632599284773198,False,3.632599284773198,False,False,False,,,,
TOYOTA,KE72,1984,1300.0,MANUAL,PETROL,451000.0,KANDY,2024-12-09,NO LEASING,USED,AVAILABLE,NOT_AVAILABLE,NOT_AVAILABLE,NOT_AVAILABLE,9.7,5,9.7,9.7,9.7,0.0,9.7,9.7,True,False,within_comparable_range,0.0,False,0.0,False,False,False,,,,
PERODUA,VIVA ELITE,2010,1000.0,AUTOMATIC,PETROL,165000.0,NITTAMBUWA,2025-01-01,NO LEASING,USED,AVAILABLE,AVAILABLE,NOT_AVAILABLE,AVAILABLE,38.25,28,38.77391304347826,37.6125,40.075,2.4625000000000057,33.91874999999999,43.76875000000001,True,False,within_comparable_range,-1.3511998205875722,False,1.3511998205875722,False,False,False,,,,
SUZUKI,MARUTI,2010,800.0,MANUAL,PETROL,165000.0,HOMAGAMA,2024-12-20,NO LEASING,USED,AVAILABLE,NOT_AVAILABLE,NOT_AVAILABLE,NOT_AVAILABLE,19.5,23,19.134375,18.95,19.5,0.5500000000000007,18.125,20.325000000000003,True,False,within_comparable_range,1.9108280254777144,False,1.9108280254777144,False,False,False,,,,
HONDA,FIT GP5,2013,1500.0,AUTOMATIC,HYBRID,132000.0,COLOMBO,2025-01-05,ONGOING LEASE,USED,AVAILABLE,AVAILABLE,AVAILABLE,AVAILABLE,75.0,18,77.125,75.90625,78.375,2.46875,72.203125,82.078125,True,False,within_comparable_range,-2.755267423014587,False,2.755267423014587,False,False,False,,,,
SUZUKI,WAGON R FX,2017,660.0,AUTOMATIC,PETROL,88000.0,POLONNARUWA,2024-12-13,NO LEASING,USED,AVAILABLE,AVAILABLE,AVAILABLE,AVAILABLE,60.5,27,59.31190476190476,58.25,59.7,1.4500000000000028,56.075,61.87500000000001,True,False,within_comparable_range,2.0031311468829003,False,2.0031311468829003,False,False,False,,,,
TOYOTA,PREMIO G SUPERIOR,2017,1500.0,AUTOMATIC,PETROL,88000.0,NEGOMBO,2025-01-25,NO LEASING,USED,AVAILABLE,AVAILABLE,AVAILABLE,AVAILABLE,166.71428571428572,14,166.71428571428572,166.71428571428572,167.30357142857144,0.5892857142857224,165.83035714285714,168.18750000000003,True,False,within_comparable_range,0.0,False,0.0,False,False,False,,,,
SUZUKI,ALTO JAPAN,2017,650.0,AUTOMATIC,HYBRID,88000.0,KANDY,2024-12-27,NO LEASING,USED,AVAILABLE,AVAILABLE,AVAILABLE,AVAILABLE,53.575,27,53.575,53.575,53.575,0.0,53.575,53.575,True,False,within_comparable_range,0.0,False,0.0,False,False,False,,,,
TOYOTA,AQUA X URBAN,2015,1500.0,AUTOMATIC,HYBRID,110000.0,NUGEGODA,2025-02-02,NO LEASING,USED,AVAILABLE,AVAILABLE,AVAILABLE,AVAILABLE,88.9,16,89.27272727272727,88.17500000000001,90.425,2.25,84.80000000000001,93.8,True,False,within_comparable_range,-0.4175152749490699,False,0.4175152749490699,False,False,False,,,,
SUZUKI,WAGON R FZ,2017,650.0,AUTOMATIC,PETROL,88000.0,KURUNEGALA,2025-01-30,NO LEASING,USED,AVAILABLE,AVAILABLE,AVAILABLE,AVAILABLE,64.32631578947368,25,64.32631578947368,62.75,65.5,2.75,58.625,69.625,True,False,within_comparable_range,0.0,False,0.0,False,False,False,,,,
MICRO,PANDA,2015,1000.0,MANUAL,PETROL,110000.0,KURUNEGALA,2024-12-05,NO LEASING,USED,AVAILABLE,AVAILABLE,NOT_AVAILABLE,AVAILABLE,26.5,33,26.056,25.9,26.65,0.75,24.775,27.775,True,False,within_comparable_range,1.704022106232726,False,1.704022106232726,False,False,False,,,,
NISSAN,TRAD SUNNY,1988,1270.0,MANUAL,PETROL,407000.0,COLOMBO,2025-01-27,NO LEASING,USED,AVAILABLE,AVAILABLE,NOT_AVAILABLE,NOT_AVAILABLE,14.25,10,14.25,11.353125000000004,14.6625,3.3093749999999957,6.38906250000001,19.62656249999999,True,False,within_comparable_range,0.0,False,0.0,False,False,False,,,,
SUZUKI,WAGON R,2016,660.0,AUTOMATIC,HYBRID,99000.0,GALLE,2024-12-30,NO LEASING,USED,AVAILABLE,AVAILABLE,AVAILABLE,AVAILABLE,54.0,26,56.79444444444444,54.7875,58.3125,3.5249999999999986,49.5,63.599999999999994,True,False,within_comparable_range,-4.920277804949611,False,4.920277804949611,False,False,False,,,,
SUZUKI,ALTO,2015,800.0,MANUAL,PETROL,110000.0,KIRIBATHGODA,2025-02-04,NO LEASING,USED,AVAILABLE,AVAILABLE,NOT_AVAILABLE,AVAILABLE,33.5,161,33.02984496124031,32.5,33.5,1.0,31.0,35.0,True,False,within_comparable_range,1.4234249034817077,False,1.4234249034817077,False,False,False,,,,
SUZUKI,ALTO,2015,800.0,MANUAL,PETROL,110000.0,POLONNARUWA,2025-01-31,NO LEASING,USED,AVAILABLE,AVAILABLE,NOT_AVAILABLE,AVAILABLE,32.85,161,33.02984496124031,32.5,33.5,1.0,31.0,35.0,True,False,within_comparable_range,-0.5444922961380826,False,0.5444922961380826,False,False,False,,,,
HYUNDAI,ELANTRA,2000,1600.0,AUTOMATIC,PETROL,275000.0,PADUKKA,2025-02-03,NO LEASING,USED,AVAILABLE,AVAILABLE,AVAILABLE,AVAILABLE,23.25,8,22.875,22.375,23.5,1.125,20.6875,25.1875,True,False,within_comparable_range,1.639344262295082,False,1.639344262295082,False,False,False,,,,
MICRO,TREND,2012,1075.0,MANUAL,PETROL,143000.0,GALLE,2024-12-11,NO LEASING,USED,AVAILABLE,AVAILABLE,NOT_AVAILABLE,AVAILABLE,17.5,5,17.5,16.95,20.0,3.0500000000000007,12.374999999999998,24.575000000000003,True,False,within_comparable_range,0.0,False,0.0,False,False,False,,,,
TOYOTA,AQUA X URBAN,2015,1500.0,AUTOMATIC,HYBRID,110000.0,NUGEGODA,2025-01-30,NO LEASING,USED,AVAILABLE,AVAILABLE,AVAILABLE,AVAILABLE,89.9,16,89.27272727272727,88.17500000000001,90.425,2.25,84.80000000000001,93.8,True,False,within_comparable_range,0.7026476578411542,False,0.7026476578411542,False,False,False,,,,
TOYOTA,VITZ EDITION 3,2019,1000.0,AUTOMATIC,PETROL,66000.0,COLOMBO,2025-01-25,NO LEASING,USED,AVAILABLE,AVAILABLE,AVAILABLE,AVAILABLE,89.75,5,98.9,91.0,99.0,8.0,79.0,111.0,True,False,within_comparable_range,-9.251769464105164,False,9.251769464105164,False,False,False,,,,
SUZUKI,ALTO JAPAN,2003,650.0,AUTOMATIC,PETROL,242000.0,KADUWELA,2025-02-03,NO LEASING,USED,AVAILABLE,AVAILABLE,NOT_AVAILABLE,AVAILABLE,32.9,22,32.2,31.9625,32.25,0.2875000000000014,31.531249999999996,32.681250000000006,True,True,price_above_comparable_range,2.173913043478247,True,2.173913043478247,False,False,False,,,,
TOYOTA,YARIS,2011,1300.0,AUTOMATIC,PETROL,154000.0,BORALESGAMUWA,2025-01-24,NO LEASING,USED,AVAILABLE,AVAILABLE,AVAILABLE,AVAILABLE,72.92500000000001,5,72.92500000000001,72.92500000000001,72.92500000000001,0.0,72.92500000000001,72.92500000000001,True,False,within_comparable_range,0.0,False,0.0,False,False,False,,,,
SUZUKI,WAGON R PREMIUM,2018,660.0,AUTOMATIC,PETROL,77000.0,WENNAPPUWA,2025-01-15,NO LEASING,USED,AVAILABLE,AVAILABLE,AVAILABLE,AVAILABLE,67.8,7,66.19166666666666,65.8,67.625,1.8250000000000028,63.06249999999999,70.36250000000001,True,False,within_comparable_range,2.429812413445803,False,2.429812413445803,False,False,False,,,,
SUZUKI,ALTO,2010,800.0,MANUAL,PETROL,165000.0,KURUNEGALA,2025-01-27,NO LEASING,USED,AVAILABLE,AVAILABLE,AVAILABLE,NOT_AVAILABLE,25.0,21,26.538235294117648,25.95,26.9,0.9499999999999992,24.525,28.324999999999996,True,False,within_comparable_range,-5.796298348664527,False,5.796298348664527,False,False,False,,,,
TOYOTA,VITZ SAFETY EDITION,2017,1000.0,AUTOMATIC,PETROL,88000.0,KURUNEGALA,2025-01-30,NO LEASING,USED,AVAILABLE,AVAILABLE,AVAILABLE,AVAILABLE,82.85,8,83.175,81.4625,84.1875,2.7249999999999943,77.37500000000001,88.27499999999999,True,False,within_comparable_range,-0.3907424105801056,False,0.3907424105801056,False,False,False,,,,
TOYOTA,PASSO,2007,1000.0,AUTOMATIC,PETROL,198000.0,KURUNEGALA,2024-12-06,NO LEASING,USED,AVAILABLE,AVAILABLE,AVAILABLE,AVAILABLE,45.75,23,48.0,45.825,49.0,3.174999999999997,41.06250000000001,53.7625,True,False,within_comparable_range,-4.6875,False,4.6875,False,False,False,,,,
TOYOTA,VITZ SAFETY EDITION 2,2018,1000.0,AUTOMATIC,PETROL,77000.0,WATTALA,2025-01-22,NO LEASING,USED,AVAILABLE,AVAILABLE,AVAILABLE,AVAILABLE,89.5,7,91.55,89.5,93.9,4.400000000000006,82.89999999999999,100.5,True,False,within_comparable_range,-2.239213544511193,False,2.239213544511193,False,False,False,,,,
TOYOTA,VITZ KSP90,2008,1000.0,AUTOMATIC,PETROL,187000.0,MATARA,2024-12-14,NO LEASING,USED,AVAILABLE,AVAILABLE,AVAILABLE,AVAILABLE,56.0,21,56.41176470588236,55.0,57.5,2.5,51.25,61.25,True,False,within_comparable_range,-0.7299270072992863,False,0.7299270072992863,False,False,False,,,,
SUZUKI,WAGON R,2018,650.0,AUTOMATIC,HYBRID,77000.0,HOMAGAMA,2025-01-18,NO LEASING,USED,AVAILABLE,AVAILABLE,AVAILABLE,AVAILABLE,69.95,47,69.56041666666667,69.5,69.56041666666667,0.0604166666666685,69.409375,69.65104166666667,True,True,price_above_comparable_range,0.5600646919644208,True,0.5600646919644208,False,False,False,,,,
SUZUKI,MARUTI,2007,796.0,MANUAL,PETROL,198000.0,COLOMBO,2025-02-05,NO LEASING,USED,AVAILABLE,AVAILABLE,NOT_AVAILABLE,NOT_AVAILABLE,19.75,25,17.52105263157895,17.0,17.9,0.8999999999999986,15.650000000000002,19.249999999999996,True,True,price_above_comparable_range,12.7215379993992,True,12.7215379993992,False,False,False,,,,
TOYOTA,COROLLA,2008,1600.0,AUTOMATIC,PETROL,187000.0,GALLE,2025-02-02,NO LEASING,USED,AVAILABLE,AVAILABLE,AVAILABLE,AVAILABLE,62.95625,5,62.95625,62.95625,62.95625,0.0,62.95625,62.95625,True,False,within_comparable_range,0.0,False,0.0,False,False,False,,,,
SUZUKI,WAGON R STINGRAY J STYLE,2015,800.0,AUTOMATIC,HYBRID,110000.0,NEGOMBO,2025-01-11,NO LEASING,USED,AVAILABLE,AVAILABLE,AVAILABLE,AVAILABLE,57.24545454545454,19,57.24545454545454,57.122727272727275,57.375,0.2522727272727252,56.74431818181819,57.75340909090909,True,False,within_comparable_range,0.0,False,0.0,False,False,False,,,,
SUZUKI,ALTO,2007,650.0,AUTOMATIC,PETROL,198000.0,GALLE,2025-02-01,NO LEASING,USED,AVAILABLE,AVAILABLE,NOT_AVAILABLE,AVAILABLE,24.0195,19,24.0195,23.9,24.0195,0.1195000000000021,23.720749999999995,24.198750000000004,True,False,within_comparable_range,0.0,False,0.0,False,False,False,,,,
PERODUA,VIVA ELITE,2011,1000.0,MANUAL,PETROL,154000.0,GALLE,2024-12-22,NO LEASING,USED,AVAILABLE,AVAILABLE,AVAILABLE,AVAILABLE,40.82627118644068,72,40.863135593220335,39.9375,42.25,2.3125,36.46875,45.71875,True,False,within_comparable_range,-0.090214336820919,False,0.090214336820919,False,False,False,,,,
HYUNDAI,EON,2017,800.0,MANUAL,PETROL,88000.0,COLOMBO,2025-01-21,NO LEASING,USED,AVAILABLE,AVAILABLE,NOT_AVAILABLE,AVAILABLE,31.5,5,36.5,32.0,37.5,5.5,23.75,45.75,True,False,within_comparable_range,-13.6986301369863,False,13.6986301369863,False,False,False,,,,
NISSAN,TRAD SUNNY,1988,1300.0,MANUAL,PETROL,407000.0,MAWANELLA,2025-01-28,NO LEASING,USED,AVAILABLE,AVAILABLE,AVAILABLE,AVAILABLE,16.25,10,14.25,11.353125000000004,14.6625,3.3093749999999957,6.38906250000001,19.62656249999999,True,False,within_comparable_range,14.035087719298245,False,14.035087719298245,False,False,False,,,,
TOYOTA,PRIUS,2009,1500.0,AUTOMATIC,HYBRID,176000.0,COLOMBO,2025-01-02,NO LEASING,USED,AVAILABLE,AVAILABLE,AVAILABLE,AVAILABLE,83.5,5,83.5,83.5,83.5,0.0,83.5,83.5,True,False,within_comparable_range,0.0,False,0.0,False,False,False,,,,
MAZDA,FAMILIA,2000,1500.0,AUTOMATIC,PETROL,275000.0,GAMPAHA,2025-01-23,NO LEASING,USED,AVAILABLE,AVAILABLE,NOT_AVAILABLE,AVAILABLE,19.75,5,28.5,19.75,28.5,8.75,6.625,41.625,True,False,within_comparable_range,-30.70175438596491,False,30.70175438596491,False,False,False,,,,
HONDA,FIT,2014,1339.0,AUTOMATIC,PETROL,121000.0,PANADURA,2025-01-11,NO LEASING,USED,AVAILABLE,AVAILABLE,AVAILABLE,AVAILABLE,79.0,6,79.65,79.0,80.825,1.8250000000000028,76.26249999999999,83.5625,True,False,within_comparable_range,-0.8160703075957385,False,0.8160703075957385,False,False,False,,,,
TOYOTA,YARIS,2008,1300.0,AUTOMATIC,PETROL,187000.0,MATARA,2024-12-08,NO LEASING,USED,AVAILABLE,AVAILABLE,AVAILABLE,AVAILABLE,65.35416666666667,19,65.35416666666667,65.0,65.5,0.5,64.25,66.25,True,False,within_comparable_range,0.0,False,0.0,False,False,False,,,,
SUZUKI,MARUTI,2011,800.0,MANUAL,PETROL,154000.0,MINUWANGODA,2025-02-03,NO LEASING,USED,AVAILABLE,NOT_AVAILABLE,NOT_AVAILABLE,NOT_AVAILABLE,19.9,37,20.034782608695647,19.5,20.4,0.8999999999999986,18.15,21.749999999999996,True,False,within_comparable_range,-0.6727430555555353,False,0.6727430555555353,False,False,False,,,,
TOYOTA,AQUA,2015,1490.0,AUTOMATIC,PETROL,110000.0,CHILAW,2025-01-26,NO LEASING,USED,AVAILABLE,AVAILABLE,AVAILABLE,AVAILABLE,88.1657894736842,25,88.1657894736842,85.5,88.25,2.75,81.375,92.375,True,False,within_comparable_range,0.0,False,0.0,False,False,False,,,,
NISSAN,DAYZ,2018,660.0,AUTOMATIC,PETROL,77000.0,COLOMBO,2025-01-15,NO LEASING,USED,AVAILABLE,AVAILABLE,AVAILABLE,AVAILABLE,62.75,5,63.91666666666667,62.75,63.91666666666667,1.1666666666666714,60.99999999999999,65.66666666666669,True,False,within_comparable_range,-1.8252933507170868,False,1.8252933507170868,False,False,False,,,,
NISSAN,FB15,1999,1500.0,MANUAL,PETROL,286000.0,KEGALLE,2025-01-12,NO LEASING,USED,AVAILABLE,AVAILABLE,AVAILABLE,AVAILABLE,32.5,18,35.37352941176471,34.9125,36.375,1.4624999999999986,32.71875,38.568749999999994,True,True,price_below_comparable_range,-8.123389041323692,True,8.123389041323692,False,False,False,,,,
SUZUKI,WAGON R,2018,650.0,AUTOMATIC,PETROL,77000.0,POLONNARUWA,2025-01-22,NO LEASING,USED,AVAILABLE,AVAILABLE,AVAILABLE,AVAILABLE,69.56041666666667,47,69.56041666666667,69.5,69.56041666666667,0.0604166666666685,69.409375,69.65104166666667,True,False,within_comparable_range,0.0,False,0.0,False,False,False,,,,
TOYOTA,VIOS S GRADE,2003,1500.0,AUTOMATIC,PETROL,242000.0,MAHARAGAMA,2025-01-05,NO LEASING,USED,AVAILABLE,AVAILABLE,AVAILABLE,AVAILABLE,48.75,6,48.25,47.925,48.6875,0.7625000000000028,46.78124999999999,49.83125,True,False,within_comparable_range,1.0362694300518136,False,1.0362694300518136,False,False,False,,,,
SUZUKI,ALTO,2015,800.0,MANUAL,PETROL,110000.0,KURUNEGALA,2024-12-09,NO LEASING,USED,AVAILABLE,AVAILABLE,NOT_AVAILABLE,AVAILABLE,32.8,161,33.02984496124031,32.5,33.5,1.0,31.0,35.0,True,False,within_comparable_range,-0.6958705422626951,False,0.6958705422626951,False,False,False,,,,
SUZUKI,WAGON R STINGRAY,2018,660.0,AUTOMATIC,HYBRID,77000.0,HOMAGAMA,2024-12-26,NO LEASING,USED,AVAILABLE,AVAILABLE,AVAILABLE,AVAILABLE,71.5,130,71.3560974390244,70.0,71.86250000000001,1.8625000000000111,67.20624999999998,74.65625000000003,True,False,within_comparable_range,0.2016682051573417,False,0.2016682051573417,False,False,False,,,,
TOYOTA,AQUA,2013,1500.0,AUTOMATIC,PETROL,132000.0,WATTALA,2024-12-24,NO LEASING,USED,AVAILABLE,AVAILABLE,AVAILABLE,AVAILABLE,76.5,53,74.0725,73.15,75.0,1.8499999999999943,70.37500000000001,77.77499999999999,True,False,within_comparable_range,3.277194640386101,False,3.277194640386101,False,False,False,,,,
TOYOTA,AQUA X URBAN,2015,1500.0,AUTOMATIC,HYBRID,110000.0,COLOMBO,2025-02-01,NO LEASING,USED,AVAILABLE,AVAILABLE,AVAILABLE,AVAILABLE,86.0,16,89.27272727272727,88.17500000000001,90.425,2.25,84.80000000000001,93.8,True,False,within_comparable_range,-3.665987780040726,False,3.665987780040726,False,False,False,,,,
TATA,NANO,2011,624.0,MANUAL,PETROL,154000.0,MAWANELLA,2024-12-25,NO LEASING,USED,AVAILABLE,NOT_AVAILABLE,NOT_AVAILABLE,AVAILABLE,10.75,11,10.9,10.825,11.441666666666666,0.6166666666666671,9.9,12.366666666666667,True,False,within_comparable_range,-1.376146788990829,False,1.376146788990829,False,False,False,,,,
CHERY,QQ,2011,800.0,MANUAL,PETROL,154000.0,BANDARAWELA,2024-12-13,NO LEASING,USED,AVAILABLE,AVAILABLE,NOT_AVAILABLE,AVAILABLE,13.85,5,13.85,12.0375,14.9,2.8625000000000007,7.743749999999999,19.19375,True,False,within_comparable_range,0.0,False,0.0,False,False,False,,,,
SUZUKI,SPACIA CUSTOM,2017,650.0,AUTOMATIC,PETROL,88000.0,COLOMBO,2025-01-18,NO LEASING,USED,AVAILABLE,AVAILABLE,AVAILABLE,AVAILABLE,68.95,7,69.0,68.95,69.875,0.9249999999999972,67.5625,71.26249999999999,True,False,within_comparable_range,-0.0724637681159379,False,0.0724637681159379,False,False,False,,,,
SUZUKI,ALTO,2016,640.0,AUTOMATIC,PETROL,99000.0,EHELIYAGODA,2024-12-18,ONGOING LEASE,USED,AVAILABLE,AVAILABLE,AVAILABLE,AVAILABLE,34.41428571428572,26,34.41428571428572,34.41428571428572,34.575,0.1607142857142847,34.173214285714295,34.81607142857143,True,False,within_comparable_range,0.0,False,0.0,False,False,False,,,,
TOYOTA,PREMIO G SUPERIOR,2010,1500.0,AUTOMATIC,PETROL,165000.0,KULIYAPITIYA,2025-01-23,NO LEASING,USED,AVAILABLE,AVAILABLE,AVAILABLE,AVAILABLE,105.0,10,104.5625,102.5,105.0,2.5,98.75,108.75,True,False,within_comparable_range,0.4184100418410041,False,0.4184100418410041,False,False,False,,,,
SUZUKI,CELERIO,2014,1000.0,AUTOMATIC,PETROL,121000.0,KADAWATHA,2024-12-17,NO LEASING,USED,AVAILABLE,AVAILABLE,NOT_AVAILABLE,AVAILABLE,49.25,10,46.93055555555556,45.1875,47.5,2.3125,41.71875,50.96875,True,False,within_comparable_range,4.9422906185261875,False,4.9422906185261875,False,False,False,,,,
SUZUKI,MARUTI 800,2006,800.0,MANUAL,PETROL,209000.0,MIRIGAMA,2024-12-28,NO LEASING,USED,AVAILABLE,NOT_AVAILABLE,NOT_AVAILABLE,NOT_AVAILABLE,17.5,11,16.9625,16.88125,17.25,0.3687499999999986,16.328125000000004,17.803124999999998,True,False,within_comparable_range,3.1687546057479823,False,3.1687546057479823,False,False,False,,,,
MICRO,PANDA CROSS,2016,1300.0,MANUAL,PETROL,99000.0,GAMPAHA,2025-01-15,NO LEASING,USED,AVAILABLE,AVAILABLE,NOT_AVAILABLE,AVAILABLE,32.76428571428572,9,32.76428571428572,32.6,33.5,0.8999999999999986,31.250000000000004,34.849999999999994,True,False,within_comparable_range,0.0,False,0.0,False,False,False,,,,
TOYOTA,STARLET,1996,1350.0,MANUAL,PETROL,319000.0,COLOMBO,2025-02-05,NO LEASING,USED,AVAILABLE,AVAILABLE,NOT_AVAILABLE,NOT_AVAILABLE,34.75,10,30.375,28.525,31.75,3.2250000000000014,23.687499999999996,36.587500000000006,True,False,within_comparable_range,14.40329218106996,False,14.40329218106996,False,False,False,,,,
SUZUKI,WAGON R STINGRAY,2017,660.0,AUTOMATIC,HYBRID,88000.0,MAHARAGAMA,2025-01-21,NO LEASING,USED,AVAILABLE,AVAILABLE,AVAILABLE,AVAILABLE,65.5,49,68.31290322580645,67.0,68.75,1.75,64.375,71.375,True,False,within_comparable_range,-4.11767483590688,False,4.11767483590688,False,False,False,,,,
SUZUKI,ALTO JAPAN,2017,660.0,AUTOMATIC,PETROL,88000.0,KULIYAPITIYA,2025-01-29,NO LEASING,USED,AVAILABLE,AVAILABLE,AVAILABLE,AVAILABLE,53.575,27,53.575,53.575,53.575,0.0,53.575,53.575,True,False,within_comparable_range,0.0,False,0.0,False,False,False,,,,
SUZUKI,ESTILO,2011,1000.0,MANUAL,PETROL,154000.0,KANDY,2025-01-23,NO LEASING,USED,AVAILABLE,AVAILABLE,AVAILABLE,AVAILABLE,34.0,13,33.60454545454545,33.0,34.0,1.0,31.5,35.5,True,False,within_comparable_range,1.1767888543216638,False,1.1767888543216638,False,False,False,,,,
