brand,model,year_of_manufacture,engine_cc,transmission,fuel_type,mileage_km,town,listing_date,leasing,condition,air_conditioning,power_steering,power_mirror,power_window,price,group_count,group_median,group_q1,group_q3,group_iqr,lower_bound,upper_bound,eligible_for_detection,price_anomaly,anomaly_reason,price_deviation_percentage,review_label,review_reason,review_confidence,review_notes
NISSAN,N16,2000,1300,MANUAL,PETROL,275000,BANDARAGAMA,2025-01-29,NO LEASING,USED,AVAILABLE,AVAILABLE,NOT_AVAILABLE,NOT_AVAILABLE,28.75,13,35.06363636,34.75,36.5,1.75,32.125,39.125,TRUE,TRUE,price_below_comparable_range,-18.00622245,probably_anomaly,price and mileage inconsistent with comparable listings,medium,Price 28.75 vs group median 35.06363636 (-18.0%); 275000 km mileage was considered against same-vehicle comparables (group n=13) and the deviation is not well supported.
TOYOTA,AQUA S LIMITED,2012,1500,AUTOMATIC,HYBRID,143000,GALLE,2025-01-28,NO LEASING,USED,AVAILABLE,AVAILABLE,AVAILABLE,AVAILABLE,67.5,7,72.0625,71.53125,72.65625,1.125,69.84375,74.34375,TRUE,TRUE,price_below_comparable_range,-6.331309627,insufficient_evidence,limited or heterogeneous comparable group prevents a confident judgment,low,"Price 67.5 vs group median 72.0625 (-6.3%); group n=7 and/or broad/degenerate bounds limit confidence, so this is not escalated without more listing context."
SUZUKI,WAGON R FZ,2015,660,AUTOMATIC,PETROL,110000,GALLE,2025-02-04,NO LEASING,USED,AVAILABLE,AVAILABLE,AVAILABLE,AVAILABLE,54.25,5,55.41666667,55.41666667,55.5,0.08333333333,55.29166667,55.625,TRUE,TRUE,price_below_comparable_range,-2.105263158,appears_normal,price is within practical market variation for comparable listings,high,"Price 54.25 vs group median 55.41666667 (-2.1%); mileage 110000 km, year 2015, and used condition are consistent with the comparison group (n=5)."
NISSAN,MARCH K11,2000,1000,AUTOMATIC,PETROL,275000,NEGOMBO,2024-12-27,NO LEASING,USED,AVAILABLE,AVAILABLE,AVAILABLE,AVAILABLE,30.5,18,28,27.6375,28.375,0.7375,26.53125,29.48125,TRUE,TRUE,price_above_comparable_range,8.928571429,appears_normal,price is within practical market variation for comparable listings,high,"Price 30.5 vs group median 28 (+8.9%); mileage 275000 km, year 2000, and used condition are consistent with the comparison group (n=18)."
SUZUKI,MARUTI,2006,800,MANUAL,PETROL,209000,MIRIGAMA,2024-12-06,NO LEASING,USED,NOT_AVAILABLE,AVAILABLE,NOT_AVAILABLE,NOT_AVAILABLE,19.25,47,16.87,16.75,16.87,0.12,16.57,17.05,TRUE,TRUE,price_above_comparable_range,14.10788382,probably_anomaly,price and mileage inconsistent with comparable listings,medium,Price 19.25 vs group median 16.87 (+14.1%); 209000 km mileage was considered against same-vehicle comparables (group n=47) and the deviation is not well supported.
SUZUKI,ALTO,2015,800,MANUAL,PETROL,110000,MULLERIYAWA,2024-12-25,NO LEASING,USED,AVAILABLE,AVAILABLE,NOT_AVAILABLE,AVAILABLE,30.5,161,33.02984496,32.5,33.5,1,31,35,TRUE,TRUE,price_below_comparable_range,-7.659269864,probably_anomaly,price is outside comparable range with supporting vehicle context,medium,Price 30.5 vs group median 33.02984496 (-7.7%); 110000 km mileage was considered against same-vehicle comparables (group n=161) and the deviation is not well supported.
SUZUKI,ALTO JAPAN,2015,650,AUTOMATIC,PETROL,110000,MALABE,2025-02-04,NO LEASING,USED,AVAILABLE,AVAILABLE,AVAILABLE,AVAILABLE,50.5,6,51.5,51.5,51.5,0,51.5,51.5,TRUE,TRUE,price_below_comparable_range,-1.941747573,appears_normal,price is within practical market variation for comparable listings,high,"Price 50.5 vs group median 51.5 (-1.9%); mileage 110000 km, year 2015, and used condition are consistent with the comparison group (n=6)."
SUZUKI,MARUTI,2011,800,MANUAL,PETROL,154000,KANDY,2025-02-03,NO LEASING,USED,AVAILABLE,NOT_AVAILABLE,NOT_AVAILABLE,NOT_AVAILABLE,17.9,37,20.03478261,19.5,20.4,0.9,18.15,21.75,TRUE,TRUE,price_below_comparable_range,-10.65538194,probably_anomaly,price and mileage inconsistent with comparable listings,medium,Price 17.9 vs group median 20.03478261 (-10.7%); 154000 km mileage was considered against same-vehicle comparables (group n=37) and the deviation is not well supported.
SUZUKI,MARUTI,2012,800,MANUAL,PETROL,143000,HORANA,2025-01-14,NO LEASING,USED,AVAILABLE,NOT_AVAILABLE,NOT_AVAILABLE,NOT_AVAILABLE,20.65,9,20.97,20.95,20.97,0.02,20.92,21,TRUE,TRUE,price_below_comparable_range,-1.525989509,probably_anomaly,price is outside comparable range with supporting vehicle context,medium,Price 20.65 vs group median 20.97 (-1.5%); 143000 km mileage was considered against same-vehicle comparables (group n=9) and the deviation is not well supported.
SUZUKI,SWIFT RS,2017,1300,AUTOMATIC,HYBRID,88000,KOTTAWA,2024-12-25,NO LEASING,USED,AVAILABLE,AVAILABLE,AVAILABLE,AVAILABLE,96.5,8,87.375,84.5,88.875,4.375,77.9375,95.4375,TRUE,TRUE,price_above_comparable_range,10.4434907,insufficient_evidence,limited or heterogeneous comparable group prevents a confident judgment,low,"Price 96.5 vs group median 87.375 (+10.4%); group n=8 and/or broad/degenerate bounds limit confidence, so this is not escalated without more listing context."
SUZUKI,WAGON R STINGRAY,2018,660,AUTOMATIC,HYBRID,77000,NUGEGODA,2025-02-03,NO LEASING,USED,AVAILABLE,AVAILABLE,AVAILABLE,AVAILABLE,75.9,130,71.35609744,70,71.8625,1.8625,67.20625,74.65625,TRUE,TRUE,price_above_comparable_range,6.36792471,probably_anomaly,price is outside comparable range with supporting vehicle context,medium,Price 75.9 vs group median 71.35609744 (+6.4%); 77000 km mileage was considered against same-vehicle comparables (group n=130) and the deviation is not well supported.
SUZUKI,MARUTI 800,2006,800,MANUAL,PETROL,209000,NAWALAPITIYA,2024-12-09,NO LEASING,USED,AVAILABLE,NOT_AVAILABLE,NOT_AVAILABLE,NOT_AVAILABLE,16.3,11,16.9625,16.88125,17.25,0.36875,16.328125,17.803125,TRUE,TRUE,price_below_comparable_range,-3.905674282,probably_anomaly,price is outside comparable range with supporting vehicle context,medium,Price 16.3 vs group median 16.9625 (-3.9%); 209000 km mileage was considered against same-vehicle comparables (group n=11) and the deviation is not well supported.
SUZUKI,ALTO,2007,800,MANUAL,PETROL,198000,DIVULAPITIYA,2025-01-29,NO LEASING,USED,AVAILABLE,AVAILABLE,NOT_AVAILABLE,NOT_AVAILABLE,26.5,19,24.0195,23.9,24.0195,0.1195,23.72075,24.19875,TRUE,TRUE,price_above_comparable_range,10.32702596,insufficient_evidence,limited or heterogeneous comparable group prevents a confident judgment,low,"Price 26.5 vs group median 24.0195 (+10.3%); group n=19 and/or broad/degenerate bounds limit confidence, so this is not escalated without more listing context."
MAZDA,FAMILIA,2001,1400,AUTOMATIC,PETROL,264000,MARAWILA,2025-02-01,NO LEASING,USED,AVAILABLE,NOT_AVAILABLE,NOT_AVAILABLE,NOT_AVAILABLE,30,6,30.45,30.45,30.45,0,30.45,30.45,TRUE,TRUE,price_below_comparable_range,-1.477832512,probably_anomaly,price is outside comparable range with supporting vehicle context,medium,Price 30 vs group median 30.45 (-1.5%); 264000 km mileage was considered against same-vehicle comparables (group n=6) and the deviation is not well supported.
SUZUKI,WAGON R,2018,650,AUTOMATIC,PETROL,77000,KANDY,2024-12-27,NO LEASING,USED,AVAILABLE,AVAILABLE,AVAILABLE,AVAILABLE,75.75,47,69.56041667,69.5,69.56041667,0.06041666667,69.409375,69.65104167,TRUE,TRUE,price_above_comparable_range,8.898140106,insufficient_evidence,limited or heterogeneous comparable group prevents a confident judgment,low,"Price 75.75 vs group median 69.56041667 (+8.9%); group n=47 and/or broad/degenerate bounds limit confidence, so this is not escalated without more listing context."
SUZUKI,WAGON R FZ PREMIUM,2018,640,AUTOMATIC,PETROL,77000,KURUNEGALA,2025-02-04,NO LEASING,USED,AVAILABLE,AVAILABLE,AVAILABLE,AVAILABLE,64.09375,7,66.25,65.7,66.625,0.925,64.3125,68.0125,TRUE,TRUE,price_below_comparable_range,-3.254716981,probably_anomaly,price is outside comparable range with supporting vehicle context,medium,Price 64.09375 vs group median 66.25 (-3.3%); 77000 km mileage was considered against same-vehicle comparables (group n=7) and the deviation is not well supported.
TATA,INDIGO,2006,1405,MANUAL,PETROL,209000,ANURADAPURA,2024-12-25,NO LEASING,USED,AVAILABLE,AVAILABLE,AVAILABLE,AVAILABLE,22,5,18.5,17.25,18.5625,1.3125,15.28125,20.53125,TRUE,TRUE,price_above_comparable_range,18.91891892,insufficient_evidence,limited or heterogeneous comparable group prevents a confident judgment,low,"Price 22 vs group median 18.5 (+18.9%); group n=5 and/or broad/degenerate bounds limit confidence, so this is not escalated without more listing context."
TOYOTA,AQUA,2014,1500,AUTOMATIC,HYBRID,121000,RAJAGIRIYA,2025-02-01,NO LEASING,USED,AVAILABLE,AVAILABLE,AVAILABLE,AVAILABLE,81.5,34,76.98434783,76,77.875,1.875,73.1875,80.6875,TRUE,TRUE,price_above_comparable_range,5.865675688,probably_anomaly,price is outside comparable range with supporting vehicle context,medium,Price 81.5 vs group median 76.98434783 (+5.9%); 121000 km mileage was considered against same-vehicle comparables (group n=34) and the deviation is not well supported.
TOYOTA,PRIUS,2010,1800,AUTOMATIC,PETROL,165000,GALLE,2025-02-01,NO LEASING,USED,AVAILABLE,AVAILABLE,AVAILABLE,AVAILABLE,82.5,11,85.25,85.25,85.25,0,85.25,85.25,TRUE,TRUE,price_below_comparable_range,-3.225806452,probably_anomaly,price is outside comparable range with supporting vehicle context,medium,Price 82.5 vs group median 85.25 (-3.2%); 165000 km mileage was considered against same-vehicle comparables (group n=11) and the deviation is not well supported.
TOYOTA,AXIO WXB,2017,1500,AUTOMATIC,HYBRID,88000,NEGOMBO,2025-02-05,NO LEASING,USED,AVAILABLE,AVAILABLE,AVAILABLE,AVAILABLE,143.5,21,138.6633333,138,139,1,136.5,140.5,TRUE,TRUE,price_above_comparable_range,3.488064617,appears_normal,price is within practical market variation for comparable listings,high,"Price 143.5 vs group median 138.6633333 (+3.5%); mileage 88000 km, year 2017, and used condition are consistent with the comparison group (n=21)."
SUZUKI,WAGON R,2017,650,AUTOMATIC,PETROL,88000,COLOMBO,2025-02-05,NO LEASING,USED,AVAILABLE,AVAILABLE,AVAILABLE,NOT_AVAILABLE,71.75,46,60.64038462,60,62.975,2.975,55.5375,67.4375,TRUE,TRUE,price_above_comparable_range,18.32048965,probably_anomaly,price and mileage inconsistent with comparable listings,medium,Price 71.75 vs group median 60.64038462 (+18.3%); 88000 km mileage was considered against same-vehicle comparables (group n=46) and the deviation is not well supported.
SUZUKI,SWIFT,2007,1500,AUTOMATIC,PETROL,198000,NEGOMBO,2025-02-05,NO LEASING,USED,AVAILABLE,AVAILABLE,AVAILABLE,AVAILABLE,19.90625,9,50.5,39,51,12,21,69,TRUE,TRUE,price_below_comparable_range,-60.58168317,confirmed_anomaly,large price deviation is not supported by the comparable group,high,Price 19.90625 vs group median 50.5 (-60.6%); mileage 198000 km and vehicle details do not explain this extreme gap (group n=9). Strong manual anomaly signal.
TOYOTA,COROLLA 121,2002,1500,AUTOMATIC,PETROL,253000,PILIYANDALA,2025-01-14,NO LEASING,USED,AVAILABLE,AVAILABLE,AVAILABLE,AVAILABLE,49.75,8,59,56.625,60.125,3.5,51.375,65.375,TRUE,TRUE,price_below_comparable_range,-15.6779661,probably_anomaly,price and mileage inconsistent with comparable listings,medium,Price 49.75 vs group median 59 (-15.7%); 253000 km mileage was considered against same-vehicle comparables (group n=8) and the deviation is not well supported.
SUZUKI,MARUTI,2003,800,MANUAL,PETROL,242000,MAWANELLA,2025-02-03,NO LEASING,USED,AVAILABLE,NOT_AVAILABLE,NOT_AVAILABLE,NOT_AVAILABLE,13.5,6,14.18333333,14.18333333,14.27083333,0.0875,14.05208333,14.40208333,TRUE,TRUE,price_below_comparable_range,-4.81786134,probably_anomaly,price is outside comparable range with supporting vehicle context,medium,Price 13.5 vs group median 14.18333333 (-4.8%); 242000 km mileage was considered against same-vehicle comparables (group n=6) and the deviation is not well supported.
SUZUKI,MARUTI,2008,800,MANUAL,PETROL,187000,GAMPAHA,2025-02-05,NO LEASING,USED,AVAILABLE,NOT_AVAILABLE,NOT_AVAILABLE,NOT_AVAILABLE,21,12,18.43125,17.5,18.8375,1.3375,15.49375,20.84375,TRUE,TRUE,price_above_comparable_range,13.93692777,insufficient_evidence,limited or heterogeneous comparable group prevents a confident judgment,low,"Price 21 vs group median 18.43125 (+13.9%); group n=12 and/or broad/degenerate bounds limit confidence, so this is not escalated without more listing context."
SUZUKI,SPACIA,2017,650,AUTOMATIC,HYBRID,88000,EMBILIPITIYA,2024-12-17,NO LEASING,USED,AVAILABLE,AVAILABLE,AVAILABLE,AVAILABLE,55.9,20,65.03571429,63.9375,67.625,3.6875,58.40625,73.15625,TRUE,TRUE,price_below_comparable_range,-14.0472268,probably_anomaly,price and mileage inconsistent with comparable listings,medium,Price 55.9 vs group median 65.03571429 (-14.0%); 88000 km mileage was considered against same-vehicle comparables (group n=20) and the deviation is not well supported.
TOYOTA,VITZ,2009,1000,AUTOMATIC,PETROL,176000,BANDARAWELA,2025-01-08,NO LEASING,USED,AVAILABLE,AVAILABLE,AVAILABLE,AVAILABLE,51.99,16,57.26714286,55.9375,58.375,2.4375,52.28125,62.03125,TRUE,TRUE,price_below_comparable_range,-9.214957468,probably_anomaly,price is outside comparable range with supporting vehicle context,medium,Price 51.99 vs group median 57.26714286 (-9.2%); 176000 km mileage was considered against same-vehicle comparables (group n=16) and the deviation is not well supported.
HONDA,INSIGHT,2012,1500,AUTOMATIC,HYBRID,143000,GAMPAHA,2025-01-27,NO LEASING,USED,AVAILABLE,AVAILABLE,AVAILABLE,AVAILABLE,89.3125,5,79.75,79.75,81.5,1.75,77.125,84.125,TRUE,TRUE,price_above_comparable_range,11.99059561,probably_anomaly,price and mileage inconsistent with comparable listings,medium,Price 89.3125 vs group median 79.75 (+12.0%); 143000 km mileage was considered against same-vehicle comparables (group n=5) and the deviation is not well supported.
SUZUKI,ALTO JAPAN,2016,600,AUTOMATIC,PETROL,99000,GALLE,2025-01-21,NO LEASING,USED,AVAILABLE,AVAILABLE,NOT_AVAILABLE,AVAILABLE,52.25,17,52.54166667,52.54166667,52.54166667,0,52.54166667,52.54166667,TRUE,TRUE,price_below_comparable_range,-0.5551149881,probably_anomaly,price is outside comparable range with supporting vehicle context,medium,Price 52.25 vs group median 52.54166667 (-0.6%); 99000 km mileage was considered against same-vehicle comparables (group n=17) and the deviation is not well supported.
SUZUKI,ALTO,2014,800,MANUAL,PETROL,121000,MATARA,2024-12-04,NO LEASING,USED,AVAILABLE,AVAILABLE,NOT_AVAILABLE,AVAILABLE,33.5,24,31.60277778,31.4375,31.925,0.4875,30.70625,32.65625,TRUE,TRUE,price_above_comparable_range,6.003340072,insufficient_evidence,limited or heterogeneous comparable group prevents a confident judgment,low,"Price 33.5 vs group median 31.60277778 (+6.0%); group n=24 and/or broad/degenerate bounds limit confidence, so this is not escalated without more listing context."
NISSAN,FB15,2001,1500,MANUAL,PETROL,264000,WELIMADA,2025-01-21,NO LEASING,USED,AVAILABLE,AVAILABLE,AVAILABLE,AVAILABLE,54.25,21,39.5,37.25,42.5,5.25,29.375,50.375,TRUE,TRUE,price_above_comparable_range,37.34177215,confirmed_anomaly,large price deviation is not supported by the comparable group,high,Price 54.25 vs group median 39.5 (+37.3%); mileage 264000 km and vehicle details do not explain this extreme gap (group n=21). Strong manual anomaly signal.
TOYOTA,AXIO,2015,1500,AUTOMATIC,HYBRID,110000,COLOMBO,2025-01-11,NO LEASING,USED,AVAILABLE,AVAILABLE,AVAILABLE,AVAILABLE,118,35,112.6363636,112.6363636,112.6363636,0,112.6363636,112.6363636,TRUE,TRUE,price_above_comparable_range,4.761904762,probably_anomaly,price is outside comparable range with supporting vehicle context,medium,Price 118 vs group median 112.6363636 (+4.8%); 110000 km mileage was considered against same-vehicle comparables (group n=35) and the deviation is not well supported.
NISSAN,FB15,2001,1490,AUTOMATIC,PETROL,264000,KANDY,2024-12-23,NO LEASING,USED,AVAILABLE,AVAILABLE,AVAILABLE,AVAILABLE,54.25,21,39.5,37.25,42.5,5.25,29.375,50.375,TRUE,TRUE,price_above_comparable_range,37.34177215,confirmed_anomaly,large price deviation is not supported by the comparable group,high,Price 54.25 vs group median 39.5 (+37.3%); mileage 264000 km and vehicle details do not explain this extreme gap (group n=21). Strong manual anomaly signal.
MITSUBISHI,LANCER BOX,1980,1400,MANUAL,PETROL,495000,MIRIGAMA,2024-12-13,NO LEASING,USED,AVAILABLE,NOT_AVAILABLE,NOT_AVAILABLE,NOT_AVAILABLE,17.14910714,12,9.1,7.7375,10,2.2625,4.34375,13.39375,TRUE,TRUE,price_above_comparable_range,88.45172684,confirmed_anomaly,large price deviation is not supported by the comparable group,high,Price 17.14910714 vs group median 9.1 (+88.5%); mileage 495000 km and vehicle details do not explain this extreme gap (group n=12). Strong manual anomaly signal.
SUZUKI,ALTO,2016,800,MANUAL,PETROL,99000,WENNAPPUWA,2025-02-05,NO LEASING,USED,AVAILABLE,AVAILABLE,NOT_AVAILABLE,AVAILABLE,35.9,26,34.41428571,34.41428571,34.575,0.1607142857,34.17321429,34.81607143,TRUE,TRUE,price_above_comparable_range,4.317144043,probably_anomaly,price is outside comparable range with supporting vehicle context,medium,Price 35.9 vs group median 34.41428571 (+4.3%); 99000 km mileage was considered against same-vehicle comparables (group n=26) and the deviation is not well supported.
SUZUKI,WAGON R STINGRAY J STYLE,2014,660,AUTOMATIC,PETROL,121000,MATARA,2025-02-04,NO LEASING,USED,AVAILABLE,AVAILABLE,AVAILABLE,AVAILABLE,55.67361111,14,56.69444444,56.5,56.92361111,0.4236111111,55.86458333,57.55902778,TRUE,TRUE,price_below_comparable_range,-1.800587947,insufficient_evidence,limited or heterogeneous comparable group prevents a confident judgment,low,"Price 55.67361111 vs group median 56.69444444 (-1.8%); group n=14 and/or broad/degenerate bounds limit confidence, so this is not escalated without more listing context."
TOYOTA,PASSO,2007,1000,AUTOMATIC,PETROL,198000,ANURADAPURA,2025-02-01,NO LEASING,USED,AVAILABLE,AVAILABLE,AVAILABLE,AVAILABLE,66.09473684,23,48,45.825,49,3.175,41.0625,53.7625,TRUE,TRUE,price_above_comparable_range,37.69736842,confirmed_anomaly,large price deviation is not supported by the comparable group,high,Price 66.09473684 vs group median 48 (+37.7%); mileage 198000 km and vehicle details do not explain this extreme gap (group n=23). Strong manual anomaly signal.
TOYOTA,AXIO,2017,1500,AUTOMATIC,PETROL,88000,KELANIYA,2025-01-02,NO LEASING,USED,AVAILABLE,AVAILABLE,AVAILABLE,AVAILABLE,132,7,138,138,138,0,138,138,TRUE,TRUE,price_below_comparable_range,-4.347826087,probably_anomaly,price is outside comparable range with supporting vehicle context,medium,Price 132 vs group median 138 (-4.3%); 88000 km mileage was considered against same-vehicle comparables (group n=7) and the deviation is not well supported.
TOYOTA,AXIO,2015,1500,AUTOMATIC,HYBRID,110000,KADAWATHA,2025-01-24,NO LEASING,USED,AVAILABLE,AVAILABLE,AVAILABLE,AVAILABLE,108.5,35,112.6363636,112.6363636,112.6363636,0,112.6363636,112.6363636,TRUE,TRUE,price_below_comparable_range,-3.672316384,appears_normal,price is within practical market variation for comparable listings,high,"Price 108.5 vs group median 112.6363636 (-3.7%); mileage 110000 km, year 2015, and used condition are consistent with the comparison group (n=35)."
NISSAN,FB15,2002,1500,AUTOMATIC,PETROL,253000,NITTAMBUWA,2025-01-22,NO LEASING,USED,AVAILABLE,AVAILABLE,AVAILABLE,AVAILABLE,24.25,20,40.82916667,40.15833333,42.925,2.766666667,36.00833333,47.075,TRUE,TRUE,price_below_comparable_range,-40.6061843,confirmed_anomaly,large price deviation is not supported by the comparable group,high,Price 24.25 vs group median 40.82916667 (-40.6%); mileage 253000 km and vehicle details do not explain this extreme gap (group n=20). Strong manual anomaly signal.
RENAULT,KWID,2016,800,MANUAL,PETROL,99000,COLOMBO,2025-02-05,NO LEASING,USED,AVAILABLE,AVAILABLE,NOT_AVAILABLE,NOT_AVAILABLE,34.625,35,32.1625,31.75,32.825,1.075,30.1375,34.4375,TRUE,TRUE,price_above_comparable_range,7.65643218,probably_anomaly,price is outside comparable range with supporting vehicle context,medium,Price 34.625 vs group median 32.1625 (+7.7%); 99000 km mileage was considered against same-vehicle comparables (group n=35) and the deviation is not well supported.
KIA,PICANTO,2016,1000,MANUAL,PETROL,99000,COLOMBO,2024-12-17,NO LEASING,USED,AVAILABLE,AVAILABLE,NOT_AVAILABLE,AVAILABLE,48.5,20,56.6,54.375,57.9,3.525,49.0875,63.1875,TRUE,TRUE,price_below_comparable_range,-14.31095406,probably_anomaly,price and mileage inconsistent with comparable listings,medium,Price 48.5 vs group median 56.6 (-14.3%); 99000 km mileage was considered against same-vehicle comparables (group n=20) and the deviation is not well supported.
TOYOTA,AXIO,2016,1499,AUTOMATIC,HYBRID,99000,KOTTAWA,2025-01-28,NO LEASING,USED,AVAILABLE,AVAILABLE,AVAILABLE,AVAILABLE,122,9,120,120,120,0,120,120,TRUE,TRUE,price_above_comparable_range,1.666666667,probably_anomaly,price is outside comparable range with supporting vehicle context,medium,Price 122 vs group median 120 (+1.7%); 99000 km mileage was considered against same-vehicle comparables (group n=9) and the deviation is not well supported.
TOYOTA,PASSO,2007,1339,AUTOMATIC,PETROL,198000,GAMPAHA,2025-01-31,NO LEASING,USED,AVAILABLE,AVAILABLE,NOT_AVAILABLE,AVAILABLE,13.75,23,48,45.825,49,3.175,41.0625,53.7625,TRUE,TRUE,price_below_comparable_range,-71.35416667,confirmed_anomaly,large price deviation is not supported by the comparable group,high,Price 13.75 vs group median 48 (-71.4%); mileage 198000 km and vehicle details do not explain this extreme gap (group n=23). Strong manual anomaly signal.
TOYOTA,VITZ,2008,990,AUTOMATIC,PETROL,187000,DEHIWALA-MOUNT-LAVINIA,2025-02-05,NO LEASING,USED,AVAILABLE,AVAILABLE,AVAILABLE,AVAILABLE,49.5,56,55.39868421,54.975,55.8125,0.8375,53.71875,57.06875,TRUE,TRUE,price_below_comparable_range,-10.64769731,appears_normal,price is within practical market variation for comparable listings,high,"Price 49.5 vs group median 55.39868421 (-10.6%); mileage 187000 km, year 2008, and used condition are consistent with the comparison group (n=56)."
TOYOTA,PREMIO,2013,1500,AUTOMATIC,PETROL,132000,WENNAPPUWA,2025-01-22,NO LEASING,USED,AVAILABLE,AVAILABLE,AVAILABLE,AVAILABLE,132.5,13,129.1388889,128.5,129.75,1.25,126.625,131.625,TRUE,TRUE,price_above_comparable_range,2.60271026,probably_anomaly,price is outside comparable range with supporting vehicle context,medium,Price 132.5 vs group median 129.1388889 (+2.6%); 132000 km mileage was considered against same-vehicle comparables (group n=13) and the deviation is not well supported.
TOYOTA,VITZ,2008,1000,AUTOMATIC,PETROL,187000,MATARA,2025-01-05,NO LEASING,USED,AVAILABLE,AVAILABLE,AVAILABLE,AVAILABLE,58,56,55.39868421,54.975,55.8125,0.8375,53.71875,57.06875,TRUE,TRUE,price_above_comparable_range,4.69562739,insufficient_evidence,limited or heterogeneous comparable group prevents a confident judgment,low,"Price 58 vs group median 55.39868421 (+4.7%); group n=56 and/or broad/degenerate bounds limit confidence, so this is not escalated without more listing context."
SUZUKI,SWIFT CENTER ANTENNA,2005,1300,AUTOMATIC,PETROL,220000,MATUGAMA,2025-01-08,NO LEASING,USED,AVAILABLE,AVAILABLE,AVAILABLE,AVAILABLE,38.75,5,39.76666667,39.75,39.76666667,0.01666666667,39.725,39.79166667,TRUE,TRUE,price_below_comparable_range,-2.55658005,probably_anomaly,price is outside comparable range with supporting vehicle context,medium,Price 38.75 vs group median 39.76666667 (-2.6%); 220000 km mileage was considered against same-vehicle comparables (group n=5) and the deviation is not well supported.
MAZDA,DEMIO,2001,1300,AUTOMATIC,PETROL,264000,WELIMADA,2025-01-18,NO LEASING,USED,AVAILABLE,AVAILABLE,AVAILABLE,AVAILABLE,27.5,6,9.75,9.75,9.75,0,9.75,9.75,TRUE,TRUE,price_above_comparable_range,182.0512821,data_error,comparison group appears mis-specified or internally inconsistent,medium,"Price 27.5 vs group median 9.75 (+182.1%); the comparison bounds collapse around an unusually low median for this vehicle, suggesting a grouping/source-quality issue rather than a reliable vehicle anomaly."
NISSAN,MARCH K11,2000,1000,AUTOMATIC,PETROL,275000,GALLE,2025-02-02,NO LEASING,USED,AVAILABLE,AVAILABLE,AVAILABLE,AVAILABLE,24.5,18,28,27.6375,28.375,0.7375,26.53125,29.48125,TRUE,TRUE,price_below_comparable_range,-12.5,probably_anomaly,price and mileage inconsistent with comparable listings,medium,Price 24.5 vs group median 28 (-12.5%); 275000 km mileage was considered against same-vehicle comparables (group n=18) and the deviation is not well supported.
SUZUKI,SPACIA,2015,660,AUTOMATIC,HYBRID,110000,PILIYANDALA,2025-01-28,NO LEASING,USED,AVAILABLE,AVAILABLE,AVAILABLE,AVAILABLE,55.5,13,58.01666667,56.5,59.9,3.4,51.4,65,TRUE,FALSE,within_comparable_range,-4.337833956,probably_anomaly,price is outside comparable range with supporting vehicle context,medium,Price 55.5 vs group median 58.01666667 (-4.3%); 110000 km mileage was considered against same-vehicle comparables (group n=13) and the deviation is not well supported.
TOYOTA,VITZ,2019,1000,AUTOMATIC,PETROL,66000,GAMPAHA,2024-12-22,NO LEASING,USED,AVAILABLE,AVAILABLE,AVAILABLE,AVAILABLE,98.775,16,98.7625,96.9375,98.775,1.8375,94.18125,101.53125,TRUE,FALSE,within_comparable_range,0.01265662574,probably_anomaly,price is outside comparable range with supporting vehicle context,medium,Price 98.775 vs group median 98.7625 (+0.0%); 66000 km mileage was considered against same-vehicle comparables (group n=16) and the deviation is not well supported.
MICRO,PANDA CROSS,2017,1000,MANUAL,PETROL,88000,MALABE,2025-01-01,NO LEASING,USED,AVAILABLE,AVAILABLE,AVAILABLE,AVAILABLE,36.75,5,34.5,34.5,35.75,1.25,32.625,37.625,TRUE,FALSE,within_comparable_range,6.52173913,appears_normal,price is within practical market variation for comparable listings,high,"Price 36.75 vs group median 34.5 (+6.5%); mileage 88000 km, year 2017, and used condition are consistent with the comparison group (n=5)."
TOYOTA,CE110,1996,1800,AUTOMATIC,DIESEL,319000,KANDY,2025-02-05,NO LEASING,USED,AVAILABLE,AVAILABLE,AVAILABLE,AVAILABLE,26.5,7,29.7,28.1,29.875,1.775,25.4375,32.5375,TRUE,FALSE,within_comparable_range,-10.77441077,insufficient_evidence,limited or heterogeneous comparable group prevents a confident judgment,low,"Price 26.5 vs group median 29.7 (-10.8%); group n=7 and/or broad/degenerate bounds limit confidence, so this is not escalated without more listing context."
SUZUKI,SWIFT,2008,1240,AUTOMATIC,PETROL,187000,GAMPAHA,2025-01-19,NO LEASING,USED,AVAILABLE,AVAILABLE,AVAILABLE,AVAILABLE,48.27,19,49.5,48.27,52,3.73,42.675,57.595,TRUE,FALSE,within_comparable_range,-2.484848485,insufficient_evidence,limited or heterogeneous comparable group prevents a confident judgment,low,"Price 48.27 vs group median 49.5 (-2.5%); group n=19 and/or broad/degenerate bounds limit confidence, so this is not escalated without more listing context."
DATSUN,REDI-GO,2016,800,MANUAL,PETROL,99000,MATARA,2025-01-27,NO LEASING,USED,AVAILABLE,AVAILABLE,NOT_AVAILABLE,AVAILABLE,26,8,26.875,25.79166667,28.6875,2.895833333,21.44791667,33.03125,TRUE,FALSE,within_comparable_range,-3.255813953,appears_normal,price is within practical market variation for comparable listings,high,"Price 26 vs group median 26.875 (-3.3%); mileage 99000 km, year 2016, and used condition are consistent with the comparison group (n=8)."
SUZUKI,WAGON R,2015,650,AUTOMATIC,HYBRID,110000,KELANIYA,2025-01-18,NO LEASING,USED,AVAILABLE,AVAILABLE,AVAILABLE,AVAILABLE,55.25,19,53.9,52.74666667,56,3.253333333,47.86666667,60.88,TRUE,FALSE,within_comparable_range,2.504638219,insufficient_evidence,limited or heterogeneous comparable group prevents a confident judgment,low,"Price 55.25 vs group median 53.9 (+2.5%); group n=19 and/or broad/degenerate bounds limit confidence, so this is not escalated without more listing context."
TOYOTA,VITZ KSP90,2008,1000,AUTOMATIC,PETROL,187000,KESBEWA,2025-01-24,NO LEASING,USED,AVAILABLE,AVAILABLE,AVAILABLE,AVAILABLE,57.5,21,56.41176471,55,57.5,2.5,51.25,61.25,TRUE,FALSE,within_comparable_range,1.929092805,appears_normal,price is within practical market variation for comparable listings,high,"Price 57.5 vs group median 56.41176471 (+1.9%); mileage 187000 km, year 2008, and used condition are consistent with the comparison group (n=21)."
TOYOTA,VITZ,2016,1000,AUTOMATIC,PETROL,99000,MALABE,2025-02-02,NO LEASING,USED,AVAILABLE,AVAILABLE,AVAILABLE,AVAILABLE,74.75,56,77.56627907,75.7875,78.6375,2.85,71.5125,82.9125,TRUE,FALSE,within_comparable_range,-3.630803364,appears_normal,price is within practical market variation for comparable listings,high,"Price 74.75 vs group median 77.56627907 (-3.6%); mileage 99000 km, year 2016, and used condition are consistent with the comparison group (n=56)."
SUZUKI,SWIFT CENTER ANTENNA,2004,1320,AUTOMATIC,PETROL,231000,KANDY,2024-12-24,NO LEASING,USED,AVAILABLE,AVAILABLE,AVAILABLE,AVAILABLE,38.9,8,39.51785714,39.3625,39.925,0.5625,38.51875,40.76875,TRUE,FALSE,within_comparable_range,-1.563488477,appears_normal,price is within practical market variation for comparable listings,high,"Price 38.9 vs group median 39.51785714 (-1.6%); mileage 231000 km, year 2004, and used condition are consistent with the comparison group (n=8)."
HYUNDAI,SONATA,2000,2000,AUTOMATIC,PETROL,275000,MALABE,2025-01-31,NO LEASING,USED,AVAILABLE,AVAILABLE,AVAILABLE,AVAILABLE,22.95,6,18.4625,18.025,21.9375,3.9125,12.15625,27.80625,TRUE,FALSE,within_comparable_range,24.30602573,appears_normal,price is within practical market variation for comparable listings,high,"Price 22.95 vs group median 18.4625 (+24.3%); mileage 275000 km, year 2000, and used condition are consistent with the comparison group (n=6)."
SUZUKI,MARUTI,2004,800,MANUAL,PETROL,231000,KURUNEGALA,2025-01-26,NO LEASING,USED,AVAILABLE,NOT_AVAILABLE,NOT_AVAILABLE,NOT_AVAILABLE,15.185,20,15.185,14.9375,15.185,0.2475,14.56625,15.55625,TRUE,FALSE,within_comparable_range,0,insufficient_evidence,limited or heterogeneous comparable group prevents a confident judgment,low,"Price 15.185 vs group median 15.185 (+0.0%); group n=20 and/or broad/degenerate bounds limit confidence, so this is not escalated without more listing context."
TOYOTA,VITZ,2017,1000,AUTOMATIC,PETROL,88000,GALLE,2024-12-21,NO LEASING,USED,AVAILABLE,AVAILABLE,AVAILABLE,AVAILABLE,86,25,84.1,83.75,85.75,2,80.75,88.75,TRUE,FALSE,within_comparable_range,2.25921522,appears_normal,price is within practical market variation for comparable listings,high,"Price 86 vs group median 84.1 (+2.3%); mileage 88000 km, year 2017, and used condition are consistent with the comparison group (n=25)."
NISSAN,LEAF,2014,1500,AUTOMATIC,ELECTRIC,121000,KURUNEGALA,2025-01-11,NO LEASING,USED,AVAILABLE,AVAILABLE,AVAILABLE,AVAILABLE,46.5,9,54,49.75,58,8.25,37.375,70.375,TRUE,FALSE,within_comparable_range,-13.88888889,appears_normal,price is within practical market variation for comparable listings,high,"Price 46.5 vs group median 54 (-13.9%); mileage 121000 km, year 2014, and used condition are consistent with the comparison group (n=9)."
PERODUA,VIVA ELITE,2012,1000,AUTOMATIC,PETROL,143000,KURUNEGALA,2025-02-01,NO LEASING,USED,AVAILABLE,AVAILABLE,AVAILABLE,AVAILABLE,42.03611111,39,42.5,40.625,43.875,3.25,35.75,48.75,TRUE,FALSE,within_comparable_range,-1.091503268,insufficient_evidence,limited or heterogeneous comparable group prevents a confident judgment,low,"Price 42.03611111 vs group median 42.5 (-1.1%); group n=39 and/or broad/degenerate bounds limit confidence, so this is not escalated without more listing context."
MICRO,PANDA CROSS,2015,1300,MANUAL,PETROL,110000,KURUNEGALA,2025-01-11,NO LEASING,USED,AVAILABLE,AVAILABLE,AVAILABLE,AVAILABLE,35,6,34.85,34.775,34.8875,0.1125,34.60625,35.05625,TRUE,FALSE,within_comparable_range,0.4304160689,appears_normal,price is within practical market variation for comparable listings,high,"Price 35 vs group median 34.85 (+0.4%); mileage 110000 km, year 2015, and used condition are consistent with the comparison group (n=6)."
TOYOTA,AXIO WXB,2018,1500,AUTOMATIC,HYBRID,77000,NEGOMBO,2025-01-19,NO LEASING,USED,AVAILABLE,AVAILABLE,AVAILABLE,AVAILABLE,157.05,11,157.05,155.5,158.375,2.875,151.1875,162.6875,TRUE,FALSE,within_comparable_range,0,appears_normal,price is within practical market variation for comparable listings,high,"Price 157.05 vs group median 157.05 (+0.0%); mileage 77000 km, year 2018, and used condition are consistent with the comparison group (n=11)."
TOYOTA,BELTA,2008,1000,AUTOMATIC,PETROL,187000,GAMPAHA,2025-01-24,NO LEASING,USED,NOT_AVAILABLE,AVAILABLE,AVAILABLE,NOT_AVAILABLE,61.5,17,62.5,58.5,64.5,6,49.5,73.5,TRUE,FALSE,within_comparable_range,-1.6,appears_normal,price is within practical market variation for comparable listings,high,"Price 61.5 vs group median 62.5 (-1.6%); mileage 187000 km, year 2008, and used condition are consistent with the comparison group (n=17)."
TOYOTA,AXIO,2015,1500,AUTOMATIC,PETROL,110000,KURUNEGALA,2025-02-01,NO LEASING,USED,AVAILABLE,AVAILABLE,AVAILABLE,AVAILABLE,112.6363636,35,112.6363636,112.6363636,112.6363636,0,112.6363636,112.6363636,TRUE,FALSE,within_comparable_range,0,appears_normal,price is within practical market variation for comparable listings,high,"Price 112.6363636 vs group median 112.6363636 (+0.0%); mileage 110000 km, year 2015, and used condition are consistent with the comparison group (n=35)."
HONDA,FIT GP5 L GRADE,2013,1500,AUTOMATIC,HYBRID,132000,KESBEWA,2024-12-06,NO LEASING,USED,AVAILABLE,AVAILABLE,AVAILABLE,AVAILABLE,78.34,9,78.34,78.34,79.8,1.46,76.15,81.99,TRUE,FALSE,within_comparable_range,0,appears_normal,price is within practical market variation for comparable listings,high,"Price 78.34 vs group median 78.34 (+0.0%); mileage 132000 km, year 2013, and used condition are consistent with the comparison group (n=9)."
HYUNDAI,EON,2017,800,MANUAL,PETROL,88000,COLOMBO,2025-01-21,NO LEASING,USED,AVAILABLE,AVAILABLE,NOT_AVAILABLE,AVAILABLE,31.5,5,36.5,32,37.5,5.5,23.75,45.75,TRUE,FALSE,within_comparable_range,-13.69863014,appears_normal,price is within practical market variation for comparable listings,high,"Price 31.5 vs group median 36.5 (-13.7%); mileage 88000 km, year 2017, and used condition are consistent with the comparison group (n=5)."
SUZUKI,WAGON R,2017,660,AUTOMATIC,HYBRID,88000,KADAWATHA,2025-02-04,NO LEASING,USED,AVAILABLE,AVAILABLE,AVAILABLE,AVAILABLE,58.5,46,60.64038462,60,62.975,2.975,55.5375,67.4375,TRUE,FALSE,within_comparable_range,-3.52963562,insufficient_evidence,limited or heterogeneous comparable group prevents a confident judgment,low,"Price 58.5 vs group median 60.64038462 (-3.5%); group n=46 and/or broad/degenerate bounds limit confidence, so this is not escalated without more listing context."
SUZUKI,WAGON R STINGRAY,2018,660,AUTOMATIC,HYBRID,77000,COLOMBO,2024-12-17,NO LEASING,USED,AVAILABLE,AVAILABLE,AVAILABLE,AVAILABLE,71.75,130,71.35609744,70,71.8625,1.8625,67.20625,74.65625,TRUE,FALSE,within_comparable_range,0.5520236884,appears_normal,price is within practical market variation for comparable listings,high,"Price 71.75 vs group median 71.35609744 (+0.6%); mileage 77000 km, year 2018, and used condition are consistent with the comparison group (n=130)."
SUZUKI,WAGON R STINGRAY J STYLE,2014,650,AUTOMATIC,PETROL,121000,MATARA,2025-01-07,NO LEASING,USED,AVAILABLE,AVAILABLE,AVAILABLE,AVAILABLE,56,14,56.69444444,56.5,56.92361111,0.4236111111,55.86458333,57.55902778,TRUE,FALSE,within_comparable_range,-1.22488976,appears_normal,price is within practical market variation for comparable listings,high,"Price 56 vs group median 56.69444444 (-1.2%); mileage 121000 km, year 2014, and used condition are consistent with the comparison group (n=14)."
PERODUA,VIVA ELITE PREMIUM,2011,1000,AUTOMATIC,PETROL,154000,COLOMBO,2025-01-07,NO LEASING,USED,AVAILABLE,AVAILABLE,AVAILABLE,AVAILABLE,38,10,42.3,40.3375,43.3625,3.025,35.8,47.9,TRUE,FALSE,within_comparable_range,-10.16548463,appears_normal,price is within practical market variation for comparable listings,high,"Price 38 vs group median 42.3 (-10.2%); mileage 154000 km, year 2011, and used condition are consistent with the comparison group (n=10)."
SUZUKI,SPACIA CUSTOM Z,2017,650,AUTOMATIC,HYBRID,88000,GALLE,2025-01-08,NO LEASING,USED,AVAILABLE,AVAILABLE,AVAILABLE,AVAILABLE,61.96666667,10,62.43333333,61.96666667,68.925,6.958333333,51.52916667,79.3625,TRUE,FALSE,within_comparable_range,-0.7474639616,probably_anomaly,price is outside comparable range with supporting vehicle context,medium,Price 61.96666667 vs group median 62.43333333 (-0.7%); 88000 km mileage was considered against same-vehicle comparables (group n=10) and the deviation is not well supported.
PERODUA,VIVA ELITE,2012,1000,AUTOMATIC,PETROL,143000,ANURADAPURA,2025-02-05,NO LEASING,USED,AVAILABLE,AVAILABLE,AVAILABLE,AVAILABLE,40,39,42.5,40.625,43.875,3.25,35.75,48.75,TRUE,FALSE,within_comparable_range,-5.882352941,appears_normal,price is within practical market variation for comparable listings,high,"Price 40 vs group median 42.5 (-5.9%); mileage 143000 km, year 2012, and used condition are consistent with the comparison group (n=39)."
TOYOTA,VITZ,2017,1000,AUTOMATIC,PETROL,88000,KELANIYA,2025-01-11,NO LEASING,USED,AVAILABLE,AVAILABLE,AVAILABLE,AVAILABLE,84.1,25,84.1,83.75,85.75,2,80.75,88.75,TRUE,FALSE,within_comparable_range,0,appears_normal,price is within practical market variation for comparable listings,high,"Price 84.1 vs group median 84.1 (+0.0%); mileage 88000 km, year 2017, and used condition are consistent with the comparison group (n=25)."
NISSAN,BLUEBIRD,1999,1760,MANUAL,PETROL,286000,KURUNEGALA,2024-12-25,NO LEASING,USED,AVAILABLE,AVAILABLE,AVAILABLE,AVAILABLE,23.95,6,23.95,22.0075,23.95,1.9425,19.09375,26.86375,TRUE,FALSE,within_comparable_range,0,appears_normal,price is within practical market variation for comparable listings,high,"Price 23.95 vs group median 23.95 (+0.0%); mileage 286000 km, year 1999, and used condition are consistent with the comparison group (n=6)."
TOYOTA,BELTA,2009,1000,AUTOMATIC,PETROL,176000,COLOMBO,2025-01-08,NO LEASING,USED,AVAILABLE,AVAILABLE,AVAILABLE,AVAILABLE,64.5,10,64.16666667,64,64.875,0.875,62.6875,66.1875,TRUE,FALSE,within_comparable_range,0.5194805195,appears_normal,price is within practical market variation for comparable listings,high,"Price 64.5 vs group median 64.16666667 (+0.5%); mileage 176000 km, year 2009, and used condition are consistent with the comparison group (n=10)."
PERODUA,VIVA ELITE PREMIUM,2011,1000,AUTOMATIC,PETROL,154000,COLOMBO,2025-01-11,NO LEASING,USED,AVAILABLE,AVAILABLE,AVAILABLE,AVAILABLE,45.5,10,42.3,40.3375,43.3625,3.025,35.8,47.9,TRUE,FALSE,within_comparable_range,7.56501182,appears_normal,price is within practical market variation for comparable listings,high,"Price 45.5 vs group median 42.3 (+7.6%); mileage 154000 km, year 2011, and used condition are consistent with the comparison group (n=10)."
TOYOTA,AXIO WXB,2017,1498,AUTOMATIC,PETROL,88000,COLOMBO,2025-01-03,NO LEASING,USED,AVAILABLE,AVAILABLE,AVAILABLE,AVAILABLE,139,21,138.6633333,138,139,1,136.5,140.5,TRUE,FALSE,within_comparable_range,0.2427942979,appears_normal,price is within practical market variation for comparable listings,high,"Price 139 vs group median 138.6633333 (+0.2%); mileage 88000 km, year 2017, and used condition are consistent with the comparison group (n=21)."
TOYOTA,DX WAGON,1986,1300,MANUAL,PETROL,429000,WENNAPPUWA,2025-02-01,NO LEASING,USED,AVAILABLE,NOT_AVAILABLE,NOT_AVAILABLE,NOT_AVAILABLE,13.25,7,11.9,11.125,13.25,2.125,7.9375,16.4375,TRUE,FALSE,within_comparable_range,11.34453782,appears_normal,price is within practical market variation for comparable listings,high,"Price 13.25 vs group median 11.9 (+11.3%); mileage 429000 km, year 1986, and used condition are consistent with the comparison group (n=7)."
SUZUKI,WAGON R FZ PREMIUM,2018,651,AUTOMATIC,PETROL,77000,AMBALANGODA,2025-01-02,NO LEASING,USED,AVAILABLE,AVAILABLE,AVAILABLE,AVAILABLE,66.25,7,66.25,65.7,66.625,0.925,64.3125,68.0125,TRUE,FALSE,within_comparable_range,0,appears_normal,price is within practical market variation for comparable listings,high,"Price 66.25 vs group median 66.25 (+0.0%); mileage 77000 km, year 2018, and used condition are consistent with the comparison group (n=7)."
HYUNDAI,EON,2016,800,MANUAL,PETROL,99000,KULIYAPITIYA,2024-12-16,NO LEASING,USED,AVAILABLE,AVAILABLE,NOT_AVAILABLE,AVAILABLE,36.5,10,34.03571429,33.12142857,36,2.878571429,28.80357143,40.31785714,TRUE,FALSE,within_comparable_range,7.240293809,appears_normal,price is within practical market variation for comparable listings,high,"Price 36.5 vs group median 34.03571429 (+7.2%); mileage 99000 km, year 2016, and used condition are consistent with the comparison group (n=10)."
TOYOTA,AXIO,2016,1500,AUTOMATIC,HYBRID,99000,EMBILIPITIYA,2024-12-08,NO LEASING,USED,AVAILABLE,AVAILABLE,AVAILABLE,AVAILABLE,120,9,120,120,120,0,120,120,TRUE,FALSE,within_comparable_range,0,appears_normal,price is within practical market variation for comparable listings,high,"Price 120 vs group median 120 (+0.0%); mileage 99000 km, year 2016, and used condition are consistent with the comparison group (n=9)."
SUZUKI,ALTO,2014,800,MANUAL,PETROL,121000,COLOMBO,2025-01-04,NO LEASING,USED,AVAILABLE,AVAILABLE,AVAILABLE,AVAILABLE,31.75,24,31.60277778,31.4375,31.925,0.4875,30.70625,32.65625,TRUE,FALSE,within_comparable_range,0.4658521579,appears_normal,price is within practical market variation for comparable listings,high,"Price 31.75 vs group median 31.60277778 (+0.5%); mileage 121000 km, year 2014, and used condition are consistent with the comparison group (n=24)."
TOYOTA,COROLLA 141,2007,1600,AUTOMATIC,PETROL,198000,MAWANELLA,2025-01-28,NO LEASING,USED,AVAILABLE,AVAILABLE,AVAILABLE,AVAILABLE,72.5,9,64.75,64,68.5,4.5,57.25,75.25,TRUE,FALSE,within_comparable_range,11.96911197,appears_normal,price is within practical market variation for comparable listings,high,"Price 72.5 vs group median 64.75 (+12.0%); mileage 198000 km, year 2007, and used condition are consistent with the comparison group (n=9)."
TOYOTA,VITZ KSP90,2007,1000,AUTOMATIC,PETROL,198000,COLOMBO,2025-02-04,NO LEASING,USED,AVAILABLE,AVAILABLE,AVAILABLE,AVAILABLE,54.5,21,53.61875,52.75,54.5,1.75,50.125,57.125,TRUE,FALSE,within_comparable_range,1.643548199,appears_normal,price is within practical market variation for comparable listings,high,"Price 54.5 vs group median 53.61875 (+1.6%); mileage 198000 km, year 2007, and used condition are consistent with the comparison group (n=21)."
ISUZU,GEMINI,1988,1500,MANUAL,DIESEL,407000,GAMPAHA,2025-02-01,NO LEASING,USED,AVAILABLE,AVAILABLE,NOT_AVAILABLE,NOT_AVAILABLE,8.7,6,7.66875,7.3375,8.525,1.1875,5.55625,10.30625,TRUE,FALSE,within_comparable_range,13.44743276,appears_normal,price is within practical market variation for comparable listings,high,"Price 8.7 vs group median 7.66875 (+13.4%); mileage 407000 km, year 1988, and used condition are consistent with the comparison group (n=6)."
TOYOTA,AXIO,2017,1500,AUTOMATIC,PETROL,88000,GAMPAHA,2025-01-26,NO LEASING,USED,AVAILABLE,AVAILABLE,AVAILABLE,AVAILABLE,138,7,138,138,138,0,138,138,TRUE,FALSE,within_comparable_range,0,insufficient_evidence,limited or heterogeneous comparable group prevents a confident judgment,low,"Price 138 vs group median 138 (+0.0%); group n=7 and/or broad/degenerate bounds limit confidence, so this is not escalated without more listing context."
NISSAN,FB13,1993,1500,MANUAL,PETROL,352000,GAMPAHA,2025-01-21,NO LEASING,USED,AVAILABLE,AVAILABLE,NOT_AVAILABLE,AVAILABLE,11.4375,8,16.125,13.64330357,17.9,4.256696429,7.258258929,24.28504464,TRUE,FALSE,within_comparable_range,-29.06976744,appears_normal,price is within practical market variation for comparable listings,high,"Price 11.4375 vs group median 16.125 (-29.1%); mileage 352000 km, year 1993, and used condition are consistent with the comparison group (n=8)."
TOYOTA,VITZ,2007,1000,AUTOMATIC,PETROL,198000,COLOMBO,2024-12-27,NO LEASING,USED,AVAILABLE,AVAILABLE,AVAILABLE,AVAILABLE,52.75,75,53.81052632,52.825,54.5,1.675,50.3125,57.0125,TRUE,FALSE,within_comparable_range,-1.970852895,probably_anomaly,price is outside comparable range with supporting vehicle context,medium,Price 52.75 vs group median 53.81052632 (-2.0%); 198000 km mileage was considered against same-vehicle comparables (group n=75) and the deviation is not well supported.
NISSAN,N16,2001,1500,AUTOMATIC,PETROL,264000,KURUNEGALA,2024-12-06,NO LEASING,USED,AVAILABLE,AVAILABLE,AVAILABLE,AVAILABLE,38.9,7,38.53,38,38.715,0.715,36.9275,39.7875,TRUE,FALSE,within_comparable_range,0.9602906826,appears_normal,price is within practical market variation for comparable listings,high,"Price 38.9 vs group median 38.53 (+1.0%); mileage 264000 km, year 2001, and used condition are consistent with the comparison group (n=7)."
TOYOTA,AQUA,2015,1500,AUTOMATIC,PETROL,110000,BANDARAGAMA,2024-12-31,NO LEASING,USED,AVAILABLE,AVAILABLE,AVAILABLE,AVAILABLE,83.75,25,88.16578947,85.5,88.25,2.75,81.375,92.375,TRUE,FALSE,within_comparable_range,-5.008506701,appears_normal,price is within practical market variation for comparable listings,high,"Price 83.75 vs group median 88.16578947 (-5.0%); mileage 110000 km, year 2015, and used condition are consistent with the comparison group (n=25)."
TOYOTA,VITZ,2008,1000,AUTOMATIC,PETROL,187000,PILIYANDALA,2024-12-15,NO LEASING,USED,AVAILABLE,AVAILABLE,AVAILABLE,AVAILABLE,54.75,56,55.39868421,54.975,55.8125,0.8375,53.71875,57.06875,TRUE,FALSE,within_comparable_range,-1.170937938,appears_normal,price is within practical market variation for comparable listings,high,"Price 54.75 vs group median 55.39868421 (-1.2%); mileage 187000 km, year 2008, and used condition are consistent with the comparison group (n=56)."
SUZUKI,SWIFT,2004,1000,AUTOMATIC,PETROL,231000,HOMAGAMA,2024-12-31,NO LEASING,USED,AVAILABLE,AVAILABLE,NOT_AVAILABLE,AVAILABLE,42.5,35,41.5078125,40,42.625,2.625,36.0625,46.5625,TRUE,FALSE,within_comparable_range,2.39036326,appears_normal,price is within practical market variation for comparable listings,high,"Price 42.5 vs group median 41.5078125 (+2.4%); mileage 231000 km, year 2004, and used condition are consistent with the comparison group (n=35)."
TOYOTA,AXIO X GRADE,2007,1500,AUTOMATIC,PETROL,198000,PUTTALAM,2024-12-11,NO LEASING,USED,AVAILABLE,AVAILABLE,AVAILABLE,AVAILABLE,71.38,6,71.315,71.0625,72.145,1.0825,69.43875,73.76875,TRUE,FALSE,within_comparable_range,0.09114492042,appears_normal,price is within practical market variation for comparable listings,high,"Price 71.38 vs group median 71.315 (+0.1%); mileage 198000 km, year 2007, and used condition are consistent with the comparison group (n=6)."
TOYOTA,PREMIO,2013,1500,AUTOMATIC,PETROL,132000,KALUTARA,2025-01-04,NO LEASING,USED,AVAILABLE,AVAILABLE,AVAILABLE,AVAILABLE,129.1388889,13,129.1388889,128.5,129.75,1.25,126.625,131.625,TRUE,FALSE,within_comparable_range,0,appears_normal,price is within practical market variation for comparable listings,high,"Price 129.1388889 vs group median 129.1388889 (+0.0%); mileage 132000 km, year 2013, and used condition are consistent with the comparison group (n=13)."
KIA,RIO,2000,1500,AUTOMATIC,PETROL,275000,COLOMBO,2025-01-31,NO LEASING,USED,AVAILABLE,AVAILABLE,AVAILABLE,AVAILABLE,22.75,7,20.68,19.09,22.75,3.66,13.6,28.24,TRUE,FALSE,within_comparable_range,10.00967118,appears_normal,price is within practical market variation for comparable listings,high,"Price 22.75 vs group median 20.68 (+10.0%); mileage 275000 km, year 2000, and used condition are consistent with the comparison group (n=7)."
