brand,model,year_of_manufacture,engine_cc,transmission,fuel_type,mileage_km,town,listing_date,leasing,condition,air_conditioning,power_steering,power_mirror,power_window,price,group_count,group_median,group_q1,group_q3,group_iqr,lower_bound,upper_bound,eligible_for_detection,price_anomaly,anomaly_reason,price_deviation_percentage,original_row_index,absolute_deviation,flag_baseline,flag_iqr_and_15pct,flag_iqr_and_20pct,flag_iqr_and_30pct,review_label,review_reason,review_confidence,review_notes
TOYOTA,VITZ,2005,1500.0,AUTOMATIC,PETROL,220000.0,EHELIYAGODA,2025-02-01,NO LEASING,USED,AVAILABLE,AVAILABLE,AVAILABLE,AVAILABLE,38.5,6,47.625,47.5,48.5,1.0,46.0,50.0,True,True,price_below_comparable_range,-19.160104986876643,9198,19.160104986876643,True,True,False,False,,,,
SUZUKI,MARUTI,2010,800.0,MANUAL,PETROL,165000.0,TANGALLE,2024-12-30,NO LEASING,USED,NOT_AVAILABLE,AVAILABLE,NOT_AVAILABLE,NOT_AVAILABLE,16.25,23,19.134375,18.95,19.5,0.5500000000000007,18.125,20.325000000000003,True,True,price_below_comparable_range,-15.074309978768571,5188,15.074309978768571,True,True,False,False,,,,
NISSAN,FB14,1996,1500.0,AUTOMATIC,PETROL,319000.0,MIRIGAMA,2025-02-05,NO LEASING,USED,AVAILABLE,AVAILABLE,AVAILABLE,AVAILABLE,33.84375,21,26.0,24.0,26.75,2.75,19.875,30.875,True,True,price_above_comparable_range,30.16826923076923,2705,30.16826923076923,True,True,True,True,,,,
NISSAN,B11,1983,1300.0,MANUAL,PETROL,462000.0,MAHIYANGANAYA,2025-01-15,NO LEASING,USED,AVAILABLE,NOT_AVAILABLE,NOT_AVAILABLE,NOT_AVAILABLE,5.5,10,7.21,6.8125,7.4225,0.6100000000000003,5.897499999999999,8.3375,True,True,price_below_comparable_range,-23.71705963938974,2432,23.71705963938974,True,True,True,False,,,,
NISSAN,FB15,2001,1500.0,AUTOMATIC,PETROL,264000.0,ANURADAPURA,2025-02-04,NO LEASING,USED,AVAILABLE,NOT_AVAILABLE,NOT_AVAILABLE,NOT_AVAILABLE,54.25,21,39.5,37.25,42.5,5.25,29.375,50.375,True,True,price_above_comparable_range,37.34177215189873,2800,37.34177215189873,True,True,True,True,,,,
SUZUKI,SWIFT,2003,1300.0,MANUAL,PETROL,242000.0,KANDY,2025-02-05,ONGOING LEASE,USED,AVAILABLE,AVAILABLE,AVAILABLE,AVAILABLE,19.90625,38,39.625,37.67058823529411,41.0,3.3294117647058883,32.676470588235276,45.99411764705883,True,True,price_below_comparable_range,-49.76340694006309,5460,49.76340694006309,True,True,True,True,,,,
TOYOTA,PASSO,2007,1360.0,AUTOMATIC,PETROL,198000.0,GAMPAHA,2025-02-03,NO LEASING,USED,AVAILABLE,AVAILABLE,NOT_AVAILABLE,AVAILABLE,66.09473684210526,23,48.0,45.825,49.0,3.174999999999997,41.06250000000001,53.762499999999996,True,True,price_above_comparable_range,37.69736842105263,8424,37.69736842105263,True,True,True,True,,,,
NISSAN,N16,2000,1300.0,MANUAL,PETROL,275000.0,BANDARAGAMA,2025-01-29,NO LEASING,USED,AVAILABLE,AVAILABLE,NOT_AVAILABLE,NOT_AVAILABLE,28.75,13,35.063636363636355,34.75,36.5,1.75,32.125,39.125,True,True,price_below_comparable_range,-18.006222452683414,3219,18.006222452683414,True,True,False,False,,,,
TATA,NANO,2016,650.0,AUTOMATIC,PETROL,99000.0,NITTAMBUWA,2024-12-07,NO LEASING,USED,AVAILABLE,AVAILABLE,NOT_AVAILABLE,AVAILABLE,21.0,9,18.258333333333333,17.8,18.5,0.6999999999999993,16.75,19.549999999999997,True,True,price_above_comparable_range,15.015974440894572,6604,15.015974440894572,True,True,False,False,,,,
TOYOTA,COROLLA 121,2003,1500.0,AUTOMATIC,PETROL,242000.0,KURUNEGALA,2024-12-24,NO LEASING,USED,AVAILABLE,AVAILABLE,AVAILABLE,AVAILABLE,69.0,8,53.041666666666664,50.75,53.9375,3.1875,45.96875,58.71875,True,True,price_above_comparable_range,30.08641005498822,7900,30.08641005498822,True,True,True,True,,,,
NISSAN,FB14,1996,1970.0,AUTOMATIC,DIESEL,319000.0,MALABE,2025-02-01,NO LEASING,USED,AVAILABLE,AVAILABLE,AVAILABLE,AVAILABLE,33.84375,21,26.0,24.0,26.75,2.75,19.875,30.875,True,True,price_above_comparable_range,30.16826923076923,2723,30.16826923076923,True,True,True,True,,,,
NISSAN,FB15,2001,1490.0,AUTOMATIC,PETROL,264000.0,KANDY,2024-12-23,NO LEASING,USED,AVAILABLE,AVAILABLE,AVAILABLE,AVAILABLE,54.25,21,39.5,37.25,42.5,5.25,29.375,50.375,True,True,price_above_comparable_range,37.34177215189873,2880,37.34177215189873,True,True,True,True,,,,
MITSUBISHI,LANCER BOX,1982,1400.0,MANUAL,PETROL,473000.0,RATNAPURA,2025-02-03,NO LEASING,USED,AVAILABLE,NOT_AVAILABLE,NOT_AVAILABLE,NOT_AVAILABLE,17.14910714285714,8,9.925,9.4125,10.610714285714288,1.198214285714288,7.615178571428568,12.40803571428572,True,True,price_above_comparable_range,72.78697373155808,2181,72.78697373155808,True,True,True,True,,,,
NISSAN,N16,2001,1500.0,AUTOMATIC,PETROL,264000.0,ANURADAPURA,2024-12-07,NO LEASING,USED,AVAILABLE,AVAILABLE,AVAILABLE,AVAILABLE,45.0,7,38.53,38.0,38.715,0.7150000000000034,36.927499999999995,39.78750000000001,True,True,price_above_comparable_range,16.79211004412146,3246,16.79211004412146,True,True,False,False,,,,
NISSAN,HB11,1984,1500.0,MANUAL,PETROL,451000.0,KURUNEGALA,2025-01-03,NO LEASING,USED,NOT_AVAILABLE,NOT_AVAILABLE,AVAILABLE,NOT_AVAILABLE,6.1,6,7.77,7.51,8.15,0.6400000000000006,6.549999999999999,9.110000000000001,True,True,price_below_comparable_range,-21.492921492921493,2977,21.492921492921493,True,True,True,False,,,,
HYUNDAI,ACCENT,2000,1490.0,MANUAL,PETROL,275000.0,PADUKKA,2025-01-18,ONGOING LEASE,USED,AVAILABLE,AVAILABLE,NOT_AVAILABLE,NOT_AVAILABLE,17.549999999999997,13,23.0,21.9,23.95,2.0500000000000007,18.824999999999996,27.025,True,True,price_below_comparable_range,-23.695652173913057,1137,23.695652173913057,True,True,True,False,,,,
MITSUBISHI,LANCER BOX,1982,1410.0,MANUAL,PETROL,473000.0,DANKOTUWA,2025-01-17,NO LEASING,USED,AVAILABLE,AVAILABLE,AVAILABLE,NOT_AVAILABLE,7.5,8,9.925,9.4125,10.610714285714288,1.198214285714288,7.615178571428568,12.40803571428572,True,True,price_below_comparable_range,-24.433249370277082,2192,24.433249370277082,True,True,True,False,,,,
TATA,INDIGO,2006,1405.0,MANUAL,PETROL,209000.0,ANURADAPURA,2024-12-25,NO LEASING,USED,AVAILABLE,AVAILABLE,AVAILABLE,AVAILABLE,22.0,5,18.5,17.25,18.5625,1.3125,15.28125,20.53125,True,True,price_above_comparable_range,18.91891891891892,6553,18.91891891891892,True,True,False,False,,,,
NISSAN,HB12,1989,1500.0,MANUAL,PETROL,396000.0,MATALE,2024-12-08,NO LEASING,USED,AVAILABLE,AVAILABLE,AVAILABLE,AVAILABLE,13.45,5,11.0,10.85,11.5375,0.6875,9.81875,12.56875,True,True,price_above_comparable_range,22.272727272727266,2998,22.272727272727266,True,True,True,False,,,,
TOYOTA,KE72,1984,1300.0,MANUAL,PETROL,451000.0,GAMPAHA,2025-02-03,NO LEASING,USED,AVAILABLE,NOT_AVAILABLE,NOT_AVAILABLE,NOT_AVAILABLE,11.5,5,9.7,9.7,9.7,0.0,9.7,9.7,True,True,price_above_comparable_range,18.556701030927844,8389,18.556701030927844,True,True,False,False,,,,
MITSUBISHI,LANCER BOX,1983,1400.0,MANUAL,PETROL,462000.0,MINUWANGODA,2025-01-15,NO LEASING,USED,AVAILABLE,NOT_AVAILABLE,NOT_AVAILABLE,NOT_AVAILABLE,17.14910714285714,12,8.625,7.0625,10.5625,3.5,1.8125,15.8125,True,True,price_above_comparable_range,98.8302277432712,2193,98.8302277432712,True,True,True,True,,,,
TOYOTA,COROLLA 121,2005,1500.0,AUTOMATIC,PETROL,220000.0,ANURADAPURA,2024-12-09,NO LEASING,USED,AVAILABLE,AVAILABLE,AVAILABLE,AVAILABLE,71.63392857142856,8,58.625,56.5,61.105357142857144,4.6053571428571445,49.59196428571428,68.01339285714286,True,True,price_above_comparable_range,22.190070057873868,7906,22.190070057873868,True,True,True,False,,,,
SUZUKI,SWIFT,2010,1300.0,MANUAL,PETROL,165000.0,KURUNEGALA,2024-12-12,NO LEASING,USED,AVAILABLE,AVAILABLE,AVAILABLE,AVAILABLE,23.0,7,58.75,48.0,61.875,13.875,27.1875,82.6875,True,True,price_below_comparable_range,-60.851063829787236,5596,60.851063829787236,True,True,True,True,,,,
TOYOTA,CE110,1997,1234.0,AUTOMATIC,DIESEL,308000.0,BERUWALA,2024-12-10,NO LEASING,USED,AVAILABLE,AVAILABLE,AVAILABLE,AVAILABLE,23.25,8,28.625,27.698214285714286,30.2625,2.564285714285713,23.851785714285718,34.10892857142857,True,True,price_below_comparable_range,-18.777292576419214,7751,18.777292576419214,True,True,False,False,,,,
KIA,RIO,2001,1500.0,AUTOMATIC,PETROL,264000.0,KURUNEGALA,2024-12-05,NO LEASING,USED,AVAILABLE,AVAILABLE,AVAILABLE,AVAILABLE,32.0,10,20.163888888888888,18.9375,21.125,2.1875,15.65625,24.40625,True,True,price_above_comparable_range,58.699545391927266,1430,58.699545391927266,True,True,True,True,,,,
ISUZU,GEMINI,1988,1500.0,MANUAL,DIESEL,407000.0,MINUWANGODA,2025-02-03,NO LEASING,USED,AVAILABLE,AVAILABLE,NOT_AVAILABLE,NOT_AVAILABLE,3.9,6,7.66875,7.3375,8.524999999999999,1.1874999999999982,5.556250000000003,10.306249999999995,True,True,price_below_comparable_range,-49.14425427872861,1307,49.14425427872861,True,True,True,True,,,,
TOYOTA,SOLUNA,2001,1500.0,MANUAL,PETROL,264000.0,KELANIYA,2025-01-03,NO LEASING,USED,AVAILABLE,AVAILABLE,NOT_AVAILABLE,NOT_AVAILABLE,23.9,6,28.4,28.2775,29.4375,1.1600000000000001,26.5375,31.177500000000002,True,True,price_below_comparable_range,-15.845070422535212,8911,15.845070422535212,True,True,False,False,,,,
TOYOTA,COROLLA,1996,1300.0,AUTOMATIC,PETROL,319000.0,EMBILIPITIYA,2024-12-23,NO LEASING,USED,AVAILABLE,AVAILABLE,AVAILABLE,AVAILABLE,23.5,5,29.6,28.9,31.0,2.1000000000000014,25.749999999999996,34.150000000000006,True,True,price_below_comparable_range,-20.608108108108112,7800,20.608108108108112,True,True,True,False,,,,
SUZUKI,A-STAR,2011,1000.0,MANUAL,PETROL,154000.0,GAMPAHA,2025-01-13,NO LEASING,USED,AVAILABLE,AVAILABLE,NOT_AVAILABLE,AVAILABLE,26.25,26,37.75,36.0,42.1375,6.137500000000003,26.793749999999996,51.34375000000001,True,True,price_below_comparable_range,-30.4635761589404,4060,30.4635761589404,True,True,True,True,,,,
TOYOTA,PASSO,2007,1000.0,AUTOMATIC,PETROL,198000.0,DANKOTUWA,2025-01-11,NO LEASING,USED,AVAILABLE,AVAILABLE,AVAILABLE,AVAILABLE,66.09473684210526,23,48.0,45.825,49.0,3.174999999999997,41.06250000000001,53.762499999999996,True,True,price_above_comparable_range,37.69736842105263,8436,37.69736842105263,True,True,True,True,,,,
TOYOTA,AVANZA,2011,1300.0,MANUAL,PETROL,154000.0,ANURADAPURA,2025-01-07,NO LEASING,USED,AVAILABLE,AVAILABLE,AVAILABLE,AVAILABLE,37.9374875,7,62.5,59.30625,66.5,7.193750000000001,48.515625,77.290625,True,True,price_below_comparable_range,-39.300019999999996,7228,39.300019999999996,True,True,True,True,,,,
HYUNDAI,SONATA,2000,2000.0,AUTOMATIC,PETROL,275000.0,BANDARAGAMA,2024-12-26,ONGOING LEASE,USED,AVAILABLE,AVAILABLE,AVAILABLE,AVAILABLE,6.5,6,18.4625,18.025,21.9375,3.9125000000000014,12.156249999999996,27.806250000000002,True,True,price_below_comparable_range,-64.79350033852404,1281,64.79350033852404,True,True,True,True,,,,
NISSAN,FB13,1991,1500.0,MANUAL,PETROL,374000.0,MAWANELLA,2024-12-12,NO LEASING,USED,AVAILABLE,AVAILABLE,AVAILABLE,AVAILABLE,11.4375,9,17.4,16.6875,18.5,1.8125,13.96875,21.21875,True,True,price_below_comparable_range,-34.267241379310335,2688,34.267241379310335,True,True,True,True,,,,
NISSAN,FB14,1997,2000.0,AUTOMATIC,DIESEL,308000.0,COLOMBO,2025-02-03,NO LEASING,USED,AVAILABLE,AVAILABLE,AVAILABLE,AVAILABLE,33.84375,21,27.155263157894737,25.6,28.25,2.6499999999999986,21.625000000000004,32.224999999999994,True,True,price_above_comparable_range,24.630535904641924,2711,24.630535904641924,True,True,True,False,,,,
TOYOTA,COROLLA DX WAGON,1987,1500.0,MANUAL,PETROL,418000.0,NITTAMBUWA,2024-12-11,NO LEASING,USED,AVAILABLE,AVAILABLE,NOT_AVAILABLE,NOT_AVAILABLE,9.125,6,13.15,12.7625,14.7,1.9375,9.85625,17.60625,True,True,price_below_comparable_range,-30.60836501901141,8103,30.60836501901141,True,True,True,True,,,,
TOYOTA,PASSO,2007,1360.0,AUTOMATIC,PETROL,198000.0,GAMPAHA,2025-02-05,NO LEASING,USED,AVAILABLE,AVAILABLE,NOT_AVAILABLE,AVAILABLE,13.75,23,48.0,45.825,49.0,3.174999999999997,41.06250000000001,53.762499999999996,True,True,price_below_comparable_range,-71.35416666666666,8416,71.35416666666666,True,True,True,True,,,,
SUZUKI,SWIFT,2008,1300.0,MANUAL,PETROL,187000.0,MATARA,2025-02-02,NO LEASING,USED,AVAILABLE,AVAILABLE,AVAILABLE,AVAILABLE,37.25,19,49.5,48.27,52.0,3.729999999999997,42.67500000000001,57.595,True,True,price_below_comparable_range,-24.747474747474747,5482,24.747474747474747,True,True,True,False,,,,
NISSAN,LEAF,2015,1500.0,AUTOMATIC,ELECTRIC,110000.0,AVISSAWELLA,2024-12-14,NO LEASING,USED,AVAILABLE,AVAILABLE,AVAILABLE,AVAILABLE,74.23750000000001,6,48.2,46.85,49.474999999999994,2.624999999999993,42.91250000000001,53.41249999999998,True,True,price_above_comparable_range,54.01970954356848,3043,54.01970954356848,True,True,True,True,,,,
MITSUBISHI,LANCER BOX,1980,1400.0,MANUAL,PETROL,495000.0,BORALESGAMUWA,2025-01-11,NO LEASING,USED,AVAILABLE,AVAILABLE,NOT_AVAILABLE,NOT_AVAILABLE,15.0,12,9.1,7.737500000000001,10.0,2.2624999999999993,4.343750000000002,13.393749999999999,True,True,price_above_comparable_range,64.83516483516483,2196,64.83516483516483,True,True,True,True,,,,
TOYOTA,CARINA,1997,2000.0,AUTOMATIC,DIESEL,308000.0,KURUNEGALA,2025-02-01,NO LEASING,USED,AVAILABLE,AVAILABLE,AVAILABLE,AVAILABLE,26.0,10,38.269444444444446,36.0,41.9625,5.962499999999999,27.056250000000002,50.90625,True,True,price_below_comparable_range,-32.060680844886406,7626,32.060680844886406,True,True,True,True,,,,
SUZUKI,WAGON R,2015,650.0,AUTOMATIC,HYBRID,110000.0,RATNAPURA,2025-01-03,NO LEASING,USED,AVAILABLE,AVAILABLE,AVAILABLE,AVAILABLE,37.4375,19,53.9,52.74666666666667,56.0,3.2533333333333303,47.866666666666674,60.879999999999995,True,True,price_below_comparable_range,-30.542671614100186,5828,30.542671614100186,True,True,True,True,,,,
HYUNDAI,ACCENT,2000,1495.0,AUTOMATIC,PETROL,275000.0,HOMAGAMA,2025-01-31,NO LEASING,USED,AVAILABLE,AVAILABLE,AVAILABLE,NOT_AVAILABLE,27.75,13,23.0,21.9,23.95,2.0500000000000007,18.824999999999996,27.025,True,True,price_above_comparable_range,20.652173913043477,1130,20.652173913043477,True,True,True,False,,,,
NISSAN,LEAF,2014,1500.0,AUTOMATIC,ELECTRIC,121000.0,COLOMBO,2025-01-28,NO LEASING,USED,AVAILABLE,AVAILABLE,AVAILABLE,AVAILABLE,72.0,9,54.0,49.75,58.0,8.25,37.375,70.375,True,True,price_above_comparable_range,33.33333333333333,3030,33.33333333333333,True,True,True,True,,,,
NISSAN,FB15,2001,1500.0,MANUAL,PETROL,264000.0,WELIMADA,2025-01-21,NO LEASING,USED,AVAILABLE,AVAILABLE,AVAILABLE,AVAILABLE,54.25,21,39.5,37.25,42.5,5.25,29.375,50.375,True,True,price_above_comparable_range,37.34177215189873,2859,37.34177215189873,True,True,True,True,,,,
TOYOTA,PASSO,2007,1339.0,AUTOMATIC,PETROL,198000.0,GAMPAHA,2025-01-31,NO LEASING,USED,AVAILABLE,AVAILABLE,NOT_AVAILABLE,AVAILABLE,13.75,23,48.0,45.825,49.0,3.174999999999997,41.06250000000001,53.762499999999996,True,True,price_below_comparable_range,-71.35416666666666,8430,71.35416666666666,True,True,True,True,,,,
TOYOTA,PASSO,2007,1000.0,AUTOMATIC,PETROL,198000.0,ANURADAPURA,2024-12-13,NO LEASING,USED,AVAILABLE,AVAILABLE,AVAILABLE,AVAILABLE,66.09473684210526,23,48.0,45.825,49.0,3.174999999999997,41.06250000000001,53.762499999999996,True,True,price_above_comparable_range,37.69736842105263,8470,37.69736842105263,True,True,True,True,,,,
HONDA,GRACE EX,2016,1500.0,AUTOMATIC,HYBRID,99000.0,KOTTAWA,2025-01-28,NO LEASING,USED,AVAILABLE,AVAILABLE,AVAILABLE,AVAILABLE,75.82500000000002,12,107.75,103.40795454545456,114.625,11.217045454545442,86.5823863636364,131.45056818181817,True,True,price_below_comparable_range,-29.62877030162411,979,29.62877030162411,True,True,True,False,,,,
TOYOTA,CARINA,1989,1500.0,MANUAL,PETROL,396000.0,MATARA,2024-12-10,NO LEASING,USED,AVAILABLE,AVAILABLE,NOT_AVAILABLE,NOT_AVAILABLE,11.3,6,15.85,15.55,16.7125,1.1624999999999979,13.806250000000004,18.456249999999997,True,True,price_below_comparable_range,-28.706624605678225,7666,28.706624605678225,True,True,True,False,,,,
NISSAN,BLUEBIRD,1999,1790.0,AUTOMATIC,PETROL,286000.0,KURUNEGALA,2025-01-20,ONGOING LEASE,USED,AVAILABLE,AVAILABLE,AVAILABLE,AVAILABLE,10.0,6,23.95,22.0075,23.95,1.942499999999999,19.09375,26.863749999999996,True,True,price_below_comparable_range,-58.24634655532359,2508,58.24634655532359,True,True,True,True,,,,
SUZUKI,A-STAR,2011,1000.0,MANUAL,PETROL,154000.0,BADULLA,2025-01-06,ONGOING LEASE,USED,AVAILABLE,AVAILABLE,NOT_AVAILABLE,AVAILABLE,26.25,26,37.75,36.0,42.1375,6.137500000000003,26.793749999999996,51.34375000000001,True,True,price_below_comparable_range,-30.4635761589404,4069,30.4635761589404,True,True,True,True,,,,
SUZUKI,WAGON R STINGRAY,2015,650.0,AUTOMATIC,HYBRID,110000.0,KANDANA,2024-12-29,NO LEASING,USED,AVAILABLE,AVAILABLE,AVAILABLE,AVAILABLE,35.46585384146341,46,55.849999999999994,55.18870967741937,57.0,1.811290322580632,52.47177419354842,59.71693548387095,True,True,price_below_comparable_range,-36.498023560495234,6337,36.498023560495234,True,True,True,True,,,,
NISSAN,N16,2002,1498.0,AUTOMATIC,PETROL,253000.0,COLOMBO,2024-12-30,NO LEASING,USED,AVAILABLE,AVAILABLE,AVAILABLE,NOT_AVAILABLE,42.9,6,32.75,32.125,34.875,2.75,28.0,39.0,True,True,price_above_comparable_range,30.992366412213734,3236,30.992366412213734,True,True,True,True,,,,
TOYOTA,VIOS,2003,1490.0,AUTOMATIC,PETROL,242000.0,GAMPAHA,2025-02-03,NO LEASING,USED,AVAILABLE,AVAILABLE,AVAILABLE,AVAILABLE,35.75,17,47.0,45.0,48.45,3.450000000000003,39.824999999999996,53.62500000000001,True,True,price_below_comparable_range,-23.93617021276596,9066,23.93617021276596,True,True,True,False,,,,
MITSUBISHI,LANCER BOX,1981,1400.0,MANUAL,PETROL,484000.0,WELIMADA,2025-01-02,NO LEASING,USED,AVAILABLE,NOT_AVAILABLE,NOT_AVAILABLE,NOT_AVAILABLE,6.6,13,10.9,9.95,11.95,2.0,6.949999999999999,14.95,True,True,price_below_comparable_range,-39.44954128440368,2214,39.44954128440368,True,True,True,True,,,,
SUZUKI,SWIFT,2003,1360.0,MANUAL,PETROL,242000.0,KANDY,2025-02-02,ONGOING LEASE,USED,AVAILABLE,AVAILABLE,AVAILABLE,AVAILABLE,19.90625,38,39.625,37.67058823529411,41.0,3.3294117647058883,32.676470588235276,45.99411764705883,True,True,price_below_comparable_range,-49.76340694006309,5481,49.76340694006309,True,True,True,True,,,,
NISSAN,MARCH,2002,1740.0,AUTOMATIC,PETROL,253000.0,MINUWANGODA,2024-12-24,NO LEASING,USED,AVAILABLE,AVAILABLE,AVAILABLE,AVAILABLE,35.35,8,29.35714285714286,28.375,29.5625,1.1875,26.59375,31.34375,True,True,price_above_comparable_range,20.41362530413624,3097,20.41362530413624,True,True,True,False,,,,
MITSUBISHI,LANCER BOX,1980,1400.0,MANUAL,PETROL,495000.0,MIRIGAMA,2024-12-13,NO LEASING,USED,AVAILABLE,NOT_AVAILABLE,NOT_AVAILABLE,NOT_AVAILABLE,17.14910714285714,12,9.1,7.737500000000001,10.0,2.2624999999999993,4.343750000000002,13.393749999999999,True,True,price_above_comparable_range,88.45172684458397,2226,88.45172684458397,True,True,True,True,,,,
TOYOTA,DX WAGON,1986,1290.0,MANUAL,PETROL,429000.0,RATNAPURA,2025-01-10,NO LEASING,USED,AVAILABLE,NOT_AVAILABLE,NOT_AVAILABLE,NOT_AVAILABLE,16.5,7,11.9,11.125,13.25,2.125,7.9375,16.4375,True,True,price_above_comparable_range,38.65546218487395,8291,38.65546218487395,True,True,True,True,,,,
KIA,RIO,2001,1343.0,MANUAL,PETROL,264000.0,MATUGAMA,2024-12-11,NO LEASING,USED,AVAILABLE,AVAILABLE,NOT_AVAILABLE,AVAILABLE,11.706250000000004,10,20.163888888888888,18.9375,21.125,2.1875,15.65625,24.40625,True,True,price_below_comparable_range,-41.94448271111721,1428,41.94448271111721,True,True,True,True,,,,
TOYOTA,VIOS,2003,1499.0,AUTOMATIC,PETROL,242000.0,VEYANGODA,2025-01-30,ONGOING LEASE,USED,AVAILABLE,AVAILABLE,AVAILABLE,AVAILABLE,35.75,17,47.0,45.0,48.45,3.450000000000003,39.824999999999996,53.62500000000001,True,True,price_below_comparable_range,-23.93617021276596,9074,23.93617021276596,True,True,True,False,,,,
TOYOTA,PASSO,2007,1000.0,AUTOMATIC,PETROL,198000.0,KATUNAYAKE,2024-12-30,NO LEASING,USED,AVAILABLE,AVAILABLE,AVAILABLE,AVAILABLE,95.8125,23,48.0,45.825,49.0,3.174999999999997,41.06250000000001,53.762499999999996,True,True,price_above_comparable_range,99.609375,8460,99.609375,True,True,True,True,,,,
TOYOTA,PASSO,2017,1000.0,AUTOMATIC,PETROL,88000.0,GAMPAHA,2024-12-13,NO LEASING,USED,AVAILABLE,AVAILABLE,AVAILABLE,AVAILABLE,18.0,5,74.5,70.5,77.9,7.400000000000006,59.39999999999999,89.00000000000001,True,True,price_below_comparable_range,-75.83892617449665,8467,75.83892617449665,True,True,True,True,,,,
MITSUBISHI,LANCER BOX,1983,1400.0,MANUAL,PETROL,462000.0,RATNAPURA,2025-02-04,NO LEASING,USED,AVAILABLE,NOT_AVAILABLE,NOT_AVAILABLE,NOT_AVAILABLE,17.14910714285714,12,8.625,7.0625,10.5625,3.5,1.8125,15.8125,True,True,price_above_comparable_range,98.8302277432712,2178,98.8302277432712,True,True,True,True,,,,
HONDA,GRACE,2016,1500.0,AUTOMATIC,HYBRID,99000.0,NITTAMBUWA,2025-01-06,ONGOING LEASE,USED,AVAILABLE,AVAILABLE,AVAILABLE,AVAILABLE,75.74999999999997,11,110.0,106.75,113.25,6.5,97.0,123.0,True,True,price_below_comparable_range,-31.13636363636366,943,31.13636363636366,True,True,True,True,,,,
SUZUKI,SWIFT,2007,1500.0,AUTOMATIC,PETROL,198000.0,KADUWELA,2024-12-12,NO LEASING,USED,AVAILABLE,AVAILABLE,AVAILABLE,AVAILABLE,19.90625,9,50.5,39.0,51.0,12.0,21.0,69.0,True,True,price_below_comparable_range,-60.581683168316836,5597,60.581683168316836,True,True,True,True,,,,
MAZDA,DEMIO,2007,1000.0,AUTOMATIC,PETROL,198000.0,GAMPAHA,2025-02-03,NO LEASING,USED,AVAILABLE,AVAILABLE,NOT_AVAILABLE,AVAILABLE,9.95,8,49.0,47.8375,52.5625,4.725000000000001,40.75,59.650000000000006,True,True,price_below_comparable_range,-79.69387755102039,1507,79.69387755102039,True,True,True,True,,,,
TOYOTA,CARINA,1985,1450.0,MANUAL,PETROL,440000.0,MAWANELLA,2025-01-18,NO LEASING,USED,NOT_AVAILABLE,AVAILABLE,NOT_AVAILABLE,NOT_AVAILABLE,18.0,5,10.25,9.5,11.3125,1.8125,6.78125,14.03125,True,True,price_above_comparable_range,75.60975609756098,7631,75.60975609756098,True,True,True,True,,,,
MITSUBISHI,LANCER BOX,1981,1400.0,MANUAL,PETROL,484000.0,HAMBANTOTA,2024-12-15,NO LEASING,USED,AVAILABLE,NOT_AVAILABLE,NOT_AVAILABLE,NOT_AVAILABLE,6.0,13,10.9,9.95,11.95,2.0,6.949999999999999,14.95,True,True,price_below_comparable_range,-44.95412844036697,2224,44.95412844036697,True,True,True,True,,,,
TOYOTA,VIOS,2007,1500.0,AUTOMATIC,PETROL,198000.0,BANDARAGAMA,2025-01-17,NO LEASING,USED,AVAILABLE,AVAILABLE,AVAILABLE,AVAILABLE,35.75,10,61.25,54.975,62.6875,7.712499999999999,43.40625,74.25625,True,True,price_below_comparable_range,-41.63265306122449,9078,41.63265306122449,True,True,True,True,,,,
SUZUKI,SWIFT,2008,1300.0,MANUAL,PETROL,187000.0,KANDY,2025-01-03,NO LEASING,USED,AVAILABLE,AVAILABLE,AVAILABLE,AVAILABLE,19.90625,19,49.5,48.27,52.0,3.729999999999997,42.67500000000001,57.595,True,True,price_below_comparable_range,-59.785353535353536,5554,59.785353535353536,True,True,True,True,,,,
MAZDA,DEMIO,2001,1300.0,AUTOMATIC,PETROL,264000.0,WELIMADA,2025-01-18,NO LEASING,USED,AVAILABLE,AVAILABLE,AVAILABLE,AVAILABLE,27.5,6,9.75,9.75,9.75,0.0,9.75,9.75,True,True,price_above_comparable_range,182.05128205128204,1514,182.05128205128204,True,True,True,True,,,,
SUZUKI,SWIFT,2003,1500.0,MANUAL,PETROL,242000.0,KANDY,2025-02-03,ONGOING LEASE,USED,AVAILABLE,AVAILABLE,AVAILABLE,AVAILABLE,19.90625,38,39.625,37.67058823529411,41.0,3.3294117647058883,32.676470588235276,45.99411764705883,True,True,price_below_comparable_range,-49.76340694006309,5476,49.76340694006309,True,True,True,True,,,,
TOYOTA,PASSO,2007,1000.0,AUTOMATIC,PETROL,198000.0,ANURADAPURA,2025-02-01,NO LEASING,USED,AVAILABLE,AVAILABLE,AVAILABLE,AVAILABLE,66.09473684210526,23,48.0,45.825,49.0,3.174999999999997,41.06250000000001,53.762499999999996,True,True,price_above_comparable_range,37.69736842105263,8427,37.69736842105263,True,True,True,True,,,,
SUZUKI,SWIFT,2007,1500.0,AUTOMATIC,PETROL,198000.0,NEGOMBO,2025-02-05,NO LEASING,USED,AVAILABLE,AVAILABLE,AVAILABLE,AVAILABLE,19.90625,9,50.5,39.0,51.0,12.0,21.0,69.0,True,True,price_below_comparable_range,-60.581683168316836,5456,60.581683168316836,True,True,True,True,,,,
SUZUKI,SPACIA CUSTOM,2016,650.0,AUTOMATIC,PETROL,99000.0,HIKKADUWA,2025-01-05,NO LEASING,USED,AVAILABLE,AVAILABLE,AVAILABLE,AVAILABLE,43.625,8,65.5,62.269642857142856,67.0625,4.7928571428571445,55.08035714285714,74.25178571428572,True,True,price_below_comparable_range,-33.396946564885496,5415,33.396946564885496,True,True,True,True,,,,
NISSAN,FB15,2001,1500.0,AUTOMATIC,PETROL,264000.0,CHILAW,2024-12-29,NO LEASING,USED,AVAILABLE,AVAILABLE,AVAILABLE,AVAILABLE,54.25,21,39.5,37.25,42.5,5.25,29.375,50.375,True,True,price_above_comparable_range,37.34177215189873,2871,37.34177215189873,True,True,True,True,,,,
NISSAN,PULSAR,1997,1500.0,AUTOMATIC,PETROL,308000.0,MATALE,2025-02-02,ONGOING LEASE,USED,AVAILABLE,AVAILABLE,AVAILABLE,AVAILABLE,13.0,9,23.93333333333333,23.93333333333333,27.0,3.06666666666667,19.333333333333325,31.600000000000005,True,True,price_below_comparable_range,-45.68245125348189,3336,45.68245125348189,True,True,True,True,,,,
TOYOTA,STARLET,1996,1500.0,MANUAL,DIESEL,319000.0,GAMPAHA,2024-12-25,ONGOING LEASE,USED,AVAILABLE,NOT_AVAILABLE,AVAILABLE,AVAILABLE,10.5,10,30.375,28.525,31.75,3.2250000000000014,23.687499999999996,36.587500000000006,True,True,price_below_comparable_range,-65.4320987654321,8964,65.4320987654321,True,True,True,True,,,,
CHERY,QQ,2007,800.0,MANUAL,PETROL,198000.0,POLONNARUWA,2025-01-20,NO LEASING,USED,AVAILABLE,AVAILABLE,AVAILABLE,AVAILABLE,16.75,11,12.85,12.6,13.825,1.2249999999999996,10.7625,15.662499999999998,True,True,price_above_comparable_range,30.350194552529185,181,30.350194552529185,True,True,True,True,,,,
NISSAN,B11,1983,1500.0,MANUAL,PETROL,462000.0,MALABE,2025-02-05,NO LEASING,USED,AVAILABLE,NOT_AVAILABLE,NOT_AVAILABLE,NOT_AVAILABLE,9.95,10,7.21,6.8125,7.4225,0.6100000000000003,5.897499999999999,8.3375,True,True,price_above_comparable_range,38.00277392510401,2424,38.00277392510401,True,True,True,True,,,,
SUZUKI,WAGON R,2017,1500.0,AUTOMATIC,PETROL,88000.0,COLOMBO,2024-12-10,ONGOING LEASE,USED,AVAILABLE,AVAILABLE,AVAILABLE,AVAILABLE,37.4375,46,60.64038461538462,60.0,62.975,2.9750000000000014,55.537499999999994,67.4375,True,True,price_below_comparable_range,-38.26308946183364,5899,38.26308946183364,True,True,True,True,,,,
NISSAN,FB15,2000,1500.0,AUTOMATIC,PETROL,275000.0,GAMPAHA,2025-01-24,NO LEASING,USED,AVAILABLE,AVAILABLE,AVAILABLE,AVAILABLE,24.25,26,35.5,35.04761904761905,36.5,1.452380952380949,32.86904761904763,38.67857142857142,True,True,price_below_comparable_range,-31.690140845070424,2855,31.690140845070424,True,True,True,True,,,,
NISSAN,FB15,2002,1500.0,AUTOMATIC,PETROL,253000.0,NITTAMBUWA,2025-01-22,NO LEASING,USED,AVAILABLE,AVAILABLE,AVAILABLE,AVAILABLE,24.25,20,40.829166666666666,40.15833333333333,42.925,2.7666666666666657,36.00833333333333,47.074999999999996,True,True,price_below_comparable_range,-40.60618430452087,2858,40.60618430452087,True,True,True,True,,,,
TOYOTA,PASSO,2008,1360.0,AUTOMATIC,PETROL,187000.0,GAMPAHA,2025-02-04,NO LEASING,USED,AVAILABLE,AVAILABLE,NOT_AVAILABLE,AVAILABLE,13.75,10,43.325,41.80714285714286,47.5,5.692857142857143,33.26785714285714,56.03928571428571,True,True,price_below_comparable_range,-68.26312752452395,8421,68.26312752452395,True,True,True,True,,,,
MICRO,TREND,2010,1000.0,AUTOMATIC,PETROL,165000.0,KOTTAWA,2024-12-29,ONGOING LEASE,USED,AVAILABLE,AVAILABLE,NOT_AVAILABLE,AVAILABLE,10.650000000000002,7,15.6,15.3,17.375,2.0749999999999993,12.187500000000002,20.487499999999997,True,True,price_below_comparable_range,-31.73076923076922,2045,31.73076923076922,True,True,True,True,,,,
TOYOTA,COROLLA 121,2004,1500.0,AUTOMATIC,PETROL,231000.0,GAMPAHA,2024-12-20,NO LEASING,USED,AVAILABLE,AVAILABLE,AVAILABLE,AVAILABLE,70.0,8,53.6,52.0,58.73571428571429,6.7357142857142875,41.89642857142857,68.83928571428572,True,True,price_above_comparable_range,30.597014925373127,7902,30.597014925373127,True,True,True,True,,,,
PERODUA,VIVA ELITE,2012,1000.0,AUTOMATIC,PETROL,143000.0,DOMPE,2025-01-28,NO LEASING,USED,AVAILABLE,AVAILABLE,AVAILABLE,AVAILABLE,43.0,39,42.5,40.625,43.875,3.25,35.75,48.75,True,False,within_comparable_range,1.1764705882352942,3790,1.1764705882352942,False,False,False,False,,,,
SUZUKI,ALTO K10,2015,1000.0,MANUAL,PETROL,110000.0,NEGOMBO,2025-01-28,NO LEASING,USED,AVAILABLE,AVAILABLE,AVAILABLE,AVAILABLE,37.0,18,38.61363636363636,38.5,38.90340909090909,0.4034090909090935,37.89488636363636,39.508522727272734,True,True,price_below_comparable_range,-4.178928781636247,4713,4.178928781636247,True,False,False,False,,,,
ZOTYE,Z100,2017,1000.0,MANUAL,PETROL,88000.0,PANADURA,2025-01-08,NO LEASING,USED,AVAILABLE,AVAILABLE,AVAILABLE,AVAILABLE,29.9,10,27.5,26.75,27.75,1.0,25.25,29.25,True,True,price_above_comparable_range,8.727272727272723,9759,8.727272727272723,True,False,False,False,,,,
TOYOTA,VITZ KSP130,2015,1000.0,AUTOMATIC,PETROL,110000.0,COLOMBO,2025-01-14,NO LEASING,USED,AVAILABLE,AVAILABLE,AVAILABLE,AVAILABLE,71.9,7,73.25,72.325,74.37,2.0450000000000017,69.2575,77.4375,True,False,within_comparable_range,-1.8430034129692754,9529,1.8430034129692754,False,False,False,False,,,,
TOYOTA,VITZ,2008,1300.0,AUTOMATIC,PETROL,187000.0,WENNAPPUWA,2025-02-02,NO LEASING,USED,AVAILABLE,AVAILABLE,AVAILABLE,AVAILABLE,55.39868421052632,56,55.39868421052632,54.975,55.8125,0.8374999999999986,53.71875,57.068749999999994,True,False,within_comparable_range,0.0,9189,0.0,False,False,False,False,,,,
TOYOTA,VITZ,2017,990.0,AUTOMATIC,PETROL,88000.0,HOMAGAMA,2024-12-30,NO LEASING,USED,AVAILABLE,AVAILABLE,AVAILABLE,AVAILABLE,86.0,25,84.1,83.75,85.75,2.0,80.75,88.75,True,False,within_comparable_range,2.2592152199762254,9369,2.2592152199762254,False,False,False,False,,,,
SUZUKI,SWIFT CENTER ANTENNA,2003,1300.0,AUTOMATIC,PETROL,242000.0,KANDY,2024-12-28,NO LEASING,USED,AVAILABLE,AVAILABLE,AVAILABLE,AVAILABLE,40.725,5,40.725,40.725,40.725,0.0,40.725,40.725,True,False,within_comparable_range,0.0,5637,0.0,False,False,False,False,,,,
SUZUKI,ALTO,2011,800.0,MANUAL,PETROL,154000.0,KEGALLE,2024-12-14,NO LEASING,USED,AVAILABLE,AVAILABLE,NOT_AVAILABLE,NOT_AVAILABLE,26.5,42,26.2945945945946,25.775,26.825000000000003,1.0500000000000043,24.199999999999992,28.40000000000001,True,False,within_comparable_range,0.7811696988385057,4433,0.7811696988385057,False,False,False,False,,,,
SUZUKI,A-STAR,2012,1000.0,MANUAL,PETROL,143000.0,KURUNEGALA,2025-01-26,NO LEASING,NEW,AVAILABLE,AVAILABLE,NOT_AVAILABLE,AVAILABLE,40.75909090909091,14,40.75909090909091,38.8125,42.95,4.137500000000003,32.606249999999996,49.15625000000001,True,False,within_comparable_range,0.0,4074,0.0,False,False,False,False,,,,
SUZUKI,WAGON R STINGRAY,2018,660.0,AUTOMATIC,HYBRID,77000.0,KANDY,2025-01-05,NO LEASING,USED,AVAILABLE,AVAILABLE,AVAILABLE,AVAILABLE,69.0,130,71.3560974390244,70.0,71.86250000000001,1.8625000000000114,67.20624999999998,74.65625000000003,True,False,within_comparable_range,-3.301886627190817,6283,3.301886627190817,False,False,False,False,,,,
TOYOTA,ALLION 240,2007,1500.0,AUTOMATIC,PETROL,198000.0,ANURADAPURA,2025-01-10,NO LEASING,USED,AVAILABLE,AVAILABLE,AVAILABLE,AVAILABLE,88.0,7,83.91666666666666,83.33333333333333,83.91666666666666,0.5833333333333286,82.45833333333334,84.79166666666666,True,True,price_above_comparable_range,4.86593843098313,6775,4.86593843098313,True,False,False,False,,,,
NISSAN,MARCH K12,2003,1300.0,AUTOMATIC,PETROL,242000.0,KOLONNAWA,2025-01-18,NO LEASING,USED,AVAILABLE,AVAILABLE,AVAILABLE,AVAILABLE,34.75,5,33.9,33.5,34.75,1.25,31.625,36.625,True,False,within_comparable_range,2.5073746312684406,3194,2.5073746312684406,False,False,False,False,,,,
SUZUKI,ALTO,2015,800.0,MANUAL,PETROL,110000.0,MALABE,2025-02-05,NO LEASING,USED,AVAILABLE,AVAILABLE,NOT_AVAILABLE,AVAILABLE,33.45,161,33.02984496124031,32.5,33.5,1.0,31.0,35.0,True,False,within_comparable_range,1.2720466573571165,4110,1.2720466573571165,False,False,False,False,,,,
HYUNDAI,SONATA,2000,2000.0,AUTOMATIC,PETROL,275000.0,MALABE,2025-01-31,NO LEASING,USED,AVAILABLE,AVAILABLE,AVAILABLE,AVAILABLE,22.95,6,18.4625,18.025,21.9375,3.9125000000000014,12.156249999999996,27.806250000000002,True,False,within_comparable_range,24.30602572782668,1273,24.30602572782668,False,False,False,False,,,,
HONDA,GRACE,2016,1500.0,AUTOMATIC,HYBRID,99000.0,JA-ELA,2025-01-25,NO LEASING,USED,AVAILABLE,AVAILABLE,AVAILABLE,AVAILABLE,114.5,11,110.0,106.75,113.25,6.5,97.0,123.0,True,False,within_comparable_range,4.090909090909091,947,4.090909090909091,False,False,False,False,,,,
ZOTYE,Z100,2017,1000.0,MANUAL,PETROL,88000.0,COLOMBO,2025-02-01,NO LEASING,USED,AVAILABLE,AVAILABLE,AVAILABLE,AVAILABLE,27.5,10,27.5,26.75,27.75,1.0,25.25,29.25,True,False,within_comparable_range,0.0,9752,0.0,False,False,False,False,,,,
NISSAN,FB15,2001,1300.0,AUTOMATIC,PETROL,264000.0,KANDY,2025-01-31,NO LEASING,USED,AVAILABLE,AVAILABLE,AVAILABLE,AVAILABLE,35.25,21,39.5,37.25,42.5,5.25,29.375,50.375,True,False,within_comparable_range,-10.759493670886076,2813,10.759493670886076,False,False,False,False,,,,
TOYOTA,PRIUS,2010,1800.0,AUTOMATIC,PETROL,165000.0,GALLE,2025-02-01,NO LEASING,USED,AVAILABLE,AVAILABLE,AVAILABLE,AVAILABLE,82.5,11,85.25,85.25,85.25,0.0,85.25,85.25,True,True,price_below_comparable_range,-3.225806451612903,8760,3.225806451612903,True,False,False,False,,,,
SUZUKI,SPACIA CUSTOM Z,2017,650.0,AUTOMATIC,HYBRID,88000.0,NUGEGODA,2025-02-05,NO LEASING,USED,AVAILABLE,AVAILABLE,AVAILABLE,AVAILABLE,62.9,10,62.43333333333334,61.96666666666667,68.92500000000001,6.958333333333343,51.529166666666654,79.36250000000003,True,False,within_comparable_range,0.7474639615589879,5432,0.7474639615589879,False,False,False,False,,,,
TOYOTA,PREMIO G SUPERIOR,2015,1500.0,AUTOMATIC,PETROL,110000.0,KANDY,2025-01-22,NO LEASING,USED,AVAILABLE,AVAILABLE,AVAILABLE,AVAILABLE,137.0,9,147.25,139.75,149.0,9.25,125.875,162.875,True,False,within_comparable_range,-6.960950764006792,8708,6.960950764006792,False,False,False,False,,,,
MICRO,PANDA,2017,1300.0,MANUAL,PETROL,88000.0,BANDARAWELA,2024-12-19,NO LEASING,USED,AVAILABLE,AVAILABLE,AVAILABLE,AVAILABLE,31.521875,19,31.5,29.9,33.225,3.325000000000003,24.912499999999994,38.212500000000006,True,False,within_comparable_range,0.06944444444444896,1945,0.06944444444444896,False,False,False,False,,,,
MICRO,PANDA CROSS,2016,1300.0,MANUAL,PETROL,99000.0,KADAWATHA,2025-01-23,NO LEASING,USED,AVAILABLE,AVAILABLE,NOT_AVAILABLE,NOT_AVAILABLE,32.6,9,32.76428571428572,32.6,33.5,0.8999999999999986,31.250000000000004,34.849999999999994,True,False,within_comparable_range,-0.5014170481796498,1991,0.5014170481796498,False,False,False,False,,,,
NISSAN,FB15 EX SALOON,1999,1500.0,AUTOMATIC,PETROL,286000.0,ANURADAPURA,2025-01-12,NO LEASING,USED,AVAILABLE,AVAILABLE,AVAILABLE,AVAILABLE,38.0,5,34.25,33.5,34.5,1.0,32.0,36.0,True,True,price_above_comparable_range,10.948905109489052,2919,10.948905109489052,True,False,False,False,,,,
HYUNDAI,ACCENT,2002,1495.0,MANUAL,PETROL,253000.0,KADUWELA,2025-01-27,NO LEASING,USED,AVAILABLE,AVAILABLE,NOT_AVAILABLE,AVAILABLE,20.0,13,23.00454545454545,21.95,24.0,2.0500000000000007,18.875,27.075000000000003,True,False,within_comparable_range,-13.060659948626737,1146,13.060659948626737,False,False,False,False,,,,
TOYOTA,COROLLA 110,1996,1990.0,AUTOMATIC,DIESEL,319000.0,MATARA,2025-02-03,NO LEASING,USED,AVAILABLE,AVAILABLE,NOT_AVAILABLE,AVAILABLE,26.5,14,29.95000727272727,28.0875,30.875,2.7875000000000014,23.906249999999996,35.056250000000006,True,False,within_comparable_range,-11.519220150136242,7819,11.519220150136242,False,False,False,False,,,,
PERODUA,VIVA ELITE PREMIUM,2011,1000.0,AUTOMATIC,PETROL,154000.0,COLOMBO,2025-01-11,NO LEASING,USED,AVAILABLE,AVAILABLE,AVAILABLE,AVAILABLE,45.5,10,42.3,40.337500000000006,43.3625,3.0249999999999915,35.80000000000002,47.899999999999984,True,False,within_comparable_range,7.565011820330976,3871,7.565011820330976,False,False,False,False,,,,
TOYOTA,PRIUS,2013,1800.0,AUTOMATIC,HYBRID,132000.0,MATARA,2025-01-10,NO LEASING,USED,AVAILABLE,AVAILABLE,AVAILABLE,AVAILABLE,105.85714285714285,17,105.85714285714285,105.85714285714285,105.85714285714285,0.0,105.85714285714285,105.85714285714285,True,False,within_comparable_range,0.0,8779,0.0,False,False,False,False,,,,
TATA,NANO,2011,600.0,MANUAL,PETROL,154000.0,EHELIYAGODA,2025-02-04,NO LEASING,USED,AVAILABLE,NOT_AVAILABLE,NOT_AVAILABLE,NOT_AVAILABLE,10.75,11,10.9,10.825,11.441666666666666,0.6166666666666671,9.899999999999999,12.366666666666667,True,False,within_comparable_range,-1.376146788990829,6566,1.376146788990829,False,False,False,False,,,,
MITSUBISHI,LANCER BOX,1980,1400.0,MANUAL,PETROL,495000.0,HORANA,2025-01-04,NO LEASING,USED,AVAILABLE,NOT_AVAILABLE,NOT_AVAILABLE,NOT_AVAILABLE,9.5,12,9.1,7.737500000000001,10.0,2.2624999999999993,4.343750000000002,13.393749999999999,True,False,within_comparable_range,4.3956043956043995,2212,4.3956043956043995,False,False,False,False,,,,
SUZUKI,ESTILO,2011,1000.0,MANUAL,PETROL,154000.0,KANDY,2025-01-23,NO LEASING,USED,AVAILABLE,AVAILABLE,AVAILABLE,AVAILABLE,34.0,13,33.60454545454545,33.0,34.0,1.0,31.5,35.5,True,False,within_comparable_range,1.1767888543216638,4971,1.1767888543216638,False,False,False,False,,,,
